16.23504546547021,37.114322212689515,51.05892459040394,54.7374582357892,49.91733781002068,41.86518560508574,35.927163218861914,34.50049574706468,36.217682849912585,37.63216401462384,36.05483966156212,31.52177359472343,26.584041777079346,24.184645635393988,25.23957710060288,27.74805635583516,28.179211062278927,24.253255717270953,17.172643385088843,11.612823372931395,13.223702408946473,25.084289381205764,45.3618368435929,67.7781404038993,84.75671020994474,91.41525726803172,87.99107353007913,79.23867212960253,71.2294547754629,67.60726261970552,67.66764161830635,67.42760945685191,62.90817893822952,53.41679295051918,42.6168288688952,36.60643538682114,40.17350198863767,53.59460974705144,72.03184126218642,87.95724125924409,95.14432081294936,91.81421181794906,81.10094221927268,68.70957312859443,59.36988408641986,54.33694226806359,51.381055079890636,47.0182193921969,39.29071264932361,29.153305595137585,19.58315861628069,13.160669850274665,9.946291753820262,7.270395839654573,1.7010935883142935,-8.119033804535354,-19.7869851779557,-27.95478174315098,-27.357549746261675,-16.23276394114007,2.0805934232639527
2.898129330044773,23.64447055255914,40.89541238033223,50.25376340947371,51.32210956236946,47.133133939665605,41.864099966266686,38.39778133815426,37.187909660556635,36.87936260284346,35.943471093205716,34.01318815752659,31.98282701005735,30.94950947876587,30.972493191634566,30.766025385173563,28.721709548949168,24.59315354446822,20.54372759617278,20.551944857842305,28.245573286232794,44.38904278990495,65.67337423146289,85.79762100505862,98.4447060661633,100.51111877509554,93.67295252668275,83.29347345198249,75.2661777274011,72.66051096402072,74.18408864792569,75.37832534113862,71.78901545591658,62.136817094352395,49.51259344428747,39.83916342235284,38.51638367922761,47.263420303713715,63.02540726928301,79.53847602670585,90.55837567714772,92.8351950468045,87.19368147958834,77.32206872622976,67.25843221794972,59.22382307044013,53.02676604071497,47.11024736909365,40.23571800136734,32.50494880858955,25.05251011326821,18.8048610526418,13.421691951706888,7.395679912514812,-0.6122124777673053,-10.137201218683535,-18.290180309412083,-20.891894137217605,-14.911576525176656,-0.7520018204381023,17.181319967589236
-8.891769239775053,8.424472792047718,26.809954934156426,41.677228087898165,50.172733880741234,51.94747674122509,48.78990706542593,43.5063310837592,38.690718636247254,35.90536855474891,35.453092618084455,36.610278505913534,38.07669892333934,38.47394723152111,36.84563185452071,33.13345504314835,28.500755710826702,25.267255101891276,26.26616945921184,33.69695317665228,47.90451234138563,66.7266708223425,85.9127880654495,100.62397407238288,107.41735928059055,105.75260824690625,98.19931753249966,89.1506553665151,82.64398948017337,80.40502214182587,81.15232522656562,81.53935176583312,78.22434604802376,69.94014767916076,58.43588829346614,47.78101269683593,42.40871664726404,44.93571529069341,54.87488706767725,68.841568874677,82.05889194377498,90.34083203794438,91.59119617991144,86.22103590484421,76.49496266923659,65.30929167061774,55.04381948545783,46.91809424638224,40.92545583751693,36.15601926662692,31.272343989670755,25.009368155508064,16.672728222517524,6.58858722549663,-3.6631602024380516,-11.476453655909793,-14.038059795588097,-9.55734890800266,1.6145864517845996,16.61832414254828,30.857315079468975
-17.893697987789743,-6.278466458662573,10.978008833737444,29.957872685409612,45.73030591865073,54.37721180711148,54.73899935856044,48.93536262209799,41.298094784175966,36.19931485249224,35.89232874631737,39.519434497719296,43.82902751218563,45.210638292149326,41.92636660612153,35.30791014993582,29.26277940753244,28.362268382574744,35.5412560753305,50.61117806210639,70.30455581597639,89.73533624327136,104.45403622393208,112.07056031749812,112.76749813727751,108.67273869278033,102.60962720767124,96.91526942582821,92.79548546602831,90.2850625933884,88.58325763205082,86.48818642778977,82.80319480775134,76.74311379042517,68.36830538012727,58.91960399451164,50.77780813537213,46.81769615195067,49.22524361083295,58.24657641637312,71.55929950042133,84.78446282800485,93.10803838539825,93.33474988072624,85.34715623579908,72.14901323218811,58.377191166151526,48.00055669019319,42.407173473182574,39.90990636860233,36.94300314508405,30.293244670950962,19.134856000614057,5.746632530305679,-5.480099723830024,-10.200349904631183,-6.286862554597011,5.103150206533451,20.049302652827887,33.61437490603084,41.8705785111006
-23.34368332930929,-18.19171555164222,-3.9928741302076034,16.66392400618724,37.778373532420325,52.734343680954844,57.686089654066144,53.536713107462795,45.27392578991022,39.002951591438574,38.43245215860973,42.92829514617134,48.30292880907097,49.827234868110146,45.57882501858799,38.032604860427945,32.88620825921151,35.81572422213362,49.1175596940067,70.23910310224102,93.02925265671513,110.90077731827294,120.00961655072534,120.66417667174157,116.35482592180591,111.25343276226657,107.85128827559117,106.11398778982281,104.40167124064347,101.22759875355206,96.48566705957678,91.31538629835339,86.86196315144763,83.0362579000061,78.37938690147803,71.28962797531791,61.780166987621854,52.39831643577185,47.379213172417884,50.282429727747704,61.49011226324747,77.23502550233434,91.00838875944211,96.73774355694762,91.94794649872972,79.01042572848924,63.67269653084042,51.69922245239358,45.626303409032474,43.58684487523904,40.90043501334321,33.4213318636415,20.55017827576965,6.023399259857326,-4.0328608507253385,-4.616515287642304,5.183773557668042,21.52485197642278,37.788096002510464,47.96622861120203,49.45951348887198
-25.089290552753436,-25.62442118974024,-15.75070888928579,3.6092851980936542,26.78067236147984,46.14264414687074,56.15436049861103,56.1716232894601,50.354489889942634,44.783281473168536,43.64836385435493,46.93483195696296,51.02747522732706,51.755204855475206,47.807727930280045,42.21544814904713,40.8426078340191,48.790120129061364,66.98170306931102,91.1272173662449,113.77337104674648,128.21881863600524,131.9237901801376,127.40281688088886,120.19869178034895,115.34607733648325,114.58714911775252,115.9848622812245,115.94054911490127,112.06202451591489,104.86593589577149,97.20429392251393,91.93530057963136,89.59404019898847,87.81860336449024,83.05177271626656,73.40822742869057,60.691030228743195,50.00360714589943,46.96396625499865,54.16678328049456,69.1557861909883,85.31489367578068,95.27628764423343,94.83402548775605,84.99336241144287,70.93284157051094,58.58933946448838,51.05998651391401,47.09458613160091,42.57498635022606,33.9314177930763,21.186770980296057,8.561586479403658,2.1589229533049767,6.154461335347179,19.912954785359066,37.896379385824105,52.48121693724285,57.985001501670624,53.473412825406854
-23.598277847444542,-27.90673546985706,-22.79881152384263,-7.551551025725582,13.888217896900438,34.9094960694944,49.68584434286089,55.978277601649246,55.67342890792769,52.91751541690393,51.22346333295048,51.5008563413807,52.235235766020324,51.52853869147867,49.426362218760204,48.7606112780423,53.759549412885974,67.2372988216857,88.22380530319708,111.7166453313306,130.91886558525897,140.71932485337655,140.3253984803118,133.43907850649322,125.88261277345563,122.16064530608931,123.07762638806484,125.81088651321429,126.24438101523532,121.93393985127548,113.72777632268486,105.01671721330366,99.19830382806236,97.14074442603197,96.43270313976635,93.00308847421945,84.08532594989119,70.54989836221075,56.97602426795015,49.26752269138916,51.21330291900167,62.111294324907625,76.9428252273023,89.00363927606546,93.3826247815082,89.19815512325543,79.34854274214328,68.14082341026592,58.47926761473546,50.47464730316938,42.286309903665575,32.44907798628213,21.913524801998896,14.225301266516256,13.555283487747092,21.80704838128906,36.751318559710434,52.56470899358882,62.63328177210822,63.00199121663668,54.381039488445936
-19.83620335146108,-25.54565355044369,-24.82970937546454,-15.652399713194876,0.7716105426039619,20.567080837606465,39.0228702293012,52.5702778198277,59.88306009632725,61.72115215992694,59.933417372200125,56.447747042787896,52.87920811866341,50.77554467818524,51.96515698979804,58.38625993961355,71.22064307277715,89.80346396033052,111.14119502234443,130.63578405385817,143.88719298215153,148.69164481754902,146.09089921524486,139.7845622275023,134.15261718079222,131.97790145588985,133.16672831130884,135.18320704619657,134.881578987175,130.5773619274347,123.07196512815727,115.02018913004532,109.0841006785246,106.08674683355343,104.37917731043733,100.86428008399736,93.06686840266369,80.96471345059736,67.42135439035408,56.90504784524424,53.20945847502562,57.47434013402436,67.59598291481207,79.27466195499616,88.01113931916927,90.90758046300932,87.39025050328615,78.72618335794971,66.9319052244516,53.906346163596,41.25937758991476,30.65939678017278,24.078652425817424,23.40142135258713,29.414323662103733,40.80945184893023,54.028610356913674,64.36396329824748,67.93708992762676,63.5244326235194,53.14816186967245
-15.038711908830846,-20.047137062846872,-22.701636726772087,-20.190243860711476,-10.698088205574802,5.548093735548411,25.938699863509168,46.11910961777685,61.464529009387476,68.84432758720826,67.93746699424945,61.49909646593817,54.405581942596356,51.83403059829047,57.31644085971748,71.46474473608164,91.86422737155979,114.12215197552813,133.57602418957617,146.9286609075387,153.17474240001604,153.54357906209694,150.6192286042441,147.1113523519525,144.81931414021497,144.16472938947467,144.37374580146778,144.11477227980922,142.24903455187984,138.36394738754416,132.89608884202244,126.8382368038793,121.1910153855324,116.41436766140485,112.13407663147137,107.26389785209703,100.53778982162805,91.25906224067978,79.93647426832074,68.46470938351759,59.654995674308815,56.19720736087367,59.42870969741231,68.45250358869917,80.07810797018955,89.74636014107962,93.16290344531679,88.00507196551617,74.96936016162608,57.66392623841872,41.33296397233165,30.910426685497047,29.19936178858626,35.91697124095592,47.96143970133838,60.7277728456957,69.87269403592047,72.79017005098493,69.25003034055332,61.05754258088043,51.00977155777717
-10.43039874548523,-13.456763256110584,-18.079885221886272,-21.31945267693004,-18.850784698425954,-7.424215786269329,12.765825595480713,37.30878129681273,59.15643705005132,71.94118319753504,73.30570185792394,66.35969985374699,58.33830602845104,57.083113965117,67.1979232108926,87.91648398513779,113.7485160451789,137.42051249912143,153.4102243485325,160.17764123493913,160.0799599479555,157.34012286213297,155.47360978549256,155.68711178108526,156.96957002066816,157.47389344039482,156.06349696068088,152.98314866129905,149.36445040910363,146.12635107153298,143.19430350756727,139.62654342575343,134.48976076808967,127.73458398510547,120.3213033564304,113.43812115259021,107.40043453390078,101.15479975912024,92.94802233476939,81.87174946517808,69.24210945830569,58.688598430256135,54.550586864383135,59.301986029268306,71.51775602693812,85.78698676193387,94.94217502517576,93.59222245167459,81.06199451739943,62.0373522242164,44.432174347230685,35.54363959983668,38.53306464427423,51.08433518550031,66.860889579558,78.83584751414615,82.6108738104828,77.99538543759374,68.2353477415164,57.64509495109725,49.1888819916174
-6.956454685123309,-7.758548905512291,-12.869621972427147,-19.693078848651822,-22.602038576648493,-16.058230082367213,1.7662539892174998,27.186754783099992,52.38547174743859,69.42082938305275,74.62914264905555,70.80780847115645,65.79635283184872,68.18391669916997,82.58417008144191,107.1777108202086,134.86783196838692,157.26252994876475,169.08753347142735,170.50931726390203,166.2263437488342,162.16803325938338,161.98526581124005,165.43484010187865,169.39279782248124,170.51895243040553,167.64623687924333,162.34157474185213,157.45023658584094,154.82897211366182,153.95711352621626,152.40176082005945,147.7391036646409,139.4755421072173,129.51227457713904,120.75542626095076,114.84785845462538,110.71189454246526,105.10830203230155,95.02354826724027,80.332094742267,64.80740750657623,54.50408600398637,54.246079662201176,64.32347511093735,79.58170844880894,91.74274725967324,93.81652120997435,84.08159182809374,67.23985850292726,51.95818051422012,46.14279752397508,52.64659541072152,67.85018967526915,83.84538647157268,92.83732271184513,91.15448121866916,80.62890381166501,66.7948832988075,55.268176262578514,48.62811381584692
-5.0913222086741055,-4.315685889058066,-8.628044518305098,-16.219204033375235,-21.71817290270654,-19.113097685942037,-5.461696836172979,16.960956709362982,41.569275487104676,61.04896611640345,71.52384726643446,74.7720200953214,77.09314363440258,85.46317991280074,103.27900125043247,128.24803217526366,153.65876665873873,172.2047277310011,180.01510232941453,178.50061739894932,173.04418249189203,169.52546953541363,170.9274381265052,176.0719416076545,181.06207365704114,182.26192990413676,178.75034419558853,172.67976947722715,167.4669054137109,165.2078375405001,165.17117407283087,164.40123155443302,159.9520782833369,151.1213619121886,140.05285429791672,130.2285423051471,123.88234781996415,120.18900621674015,115.62092055330879,106.3996534383093,91.47329143570518,73.9563092028514,59.862675681219685,54.70992775847341,60.04140803173674,72.11473017654492,83.7456899134886,88.33718511683924,83.70173956461262,73.3308814847466,64.28395213125124,62.93218356329636,71.11320764385903,84.99837038473882,97.30919153996196,101.48469184874132,95.26389727623382,81.59352498362827,66.48116037284316,55.28586031359395,49.79829746001497
-4.7700975564043215,-3.5231934555174815,-6.142776626049767,-11.814954249870043,-16.88437114258923,-16.724437336812382,-8.357511453525964,7.800836304950658,28.18773305895487,48.2015096084184,64.8637560918422,78.36761746083054,91.54931065541967,107.64263008538333,127.77237356307957,149.80950245505602,169.3413667379394,182.16209009362495,186.72379656028042,185.02092795777574,181.37767754877004,179.92537751462106,182.35008243076987,187.2666643051511,191.50165763797395,192.35247540945673,189.3193505751426,184.22728005400555,179.7637033759068,177.50690032024724,176.81912156252042,175.34635257669927,170.74501828927515,162.40845668769109,151.96599673423293,142.17496924222849,134.94758529820257,129.88674240545703,124.40579886244807,115.45811258354257,101.79369082323797,85.23937772014364,70.0702731573998,60.754691714918714,59.42904298177041,64.68293444719163,72.44138521013383,78.41421696612238,80.58490197941488,80.17956914874647,80.52127205023096,84.52284801471914,92.44117083147235,101.34870963177137,106.68213390902267,104.90491436816382,95.61657397037933,81.7995025105307,68.07572093353231,58.08780812406058,52.629829353029834
-5.457660531165475,-4.774939363468516,-5.301668851582771,-7.227461239874669,-9.5473114002646,-10.331655452853125,-7.44144538339634,0.6899648541275168,14.578360660632873,33.66812711122602,56.65399870228901,81.87875975924689,107.58921600918936,132.020089291923,153.44953948899732,170.3973191646209,181.99647054290185,188.36867101107305,190.730642517865,191.05178920522835,191.33327326341217,192.83038134023008,195.62053881849118,198.7564174807285,200.92088837204992,201.21138477163328,199.6075426147193,196.87013760723698,193.96608455190326,191.39998336163316,188.8794365518279,185.520357626995,180.44981158867577,173.40860863882128,164.95587978864967,156.1331982043192,147.79450238252966,140.02909525473285,132.05826370929879,122.7003524595443,111.15238571438931,97.64218126402837,83.57859943239734,71.11675382041443,62.37769954543462,58.72501935124043,60.420214035577885,66.72715097910321,76.28576768291182,87.48246661188335,98.64731687876883,108.10897065417348,114.27828785875425,115.90435228892197,112.47250268337751,104.52666484647207,93.64960744825798,81.98545079438043,71.45887810260183,63.06124676726332,56.581764617792395
-6.335284441467006,-6.747459066908126,-5.278026723431934,-2.956742663946617,-1.5635420101139836,-2.222164766955084,-4.020743943330537,-3.6464444004261227,3.4880832000452258,21.03608005377615,49.56393885490498,85.68921027896259,123.10657812064888,155.07445010980953,177.11964356025678,188.59498743572033,192.36759003338196,192.9420335786262,194.13084531592628,197.51956095423233,202.3979535552176,206.92873454921698,209.6561939502785,210.3970947817536,210.08163723006976,209.8398056247666,210.078633196876,210.20564438962143,209.13177026561414,206.120038704909,201.3263432733366,195.63885756200852,189.9576415280735,184.47398476682844,178.50903978436656,171.05331589480664,161.61363963765854,150.71393815113652,139.6162111641008,129.39506006793937,120.02111294764106,110.19896288670292,98.25501529507521,83.64313984080422,68.11051680828658,55.62621217049754,50.84384574238973,56.769972183633115,72.88552542428768,94.83269840552971,115.97152939017039,130.0839421895239,133.86004916664234,127.92417386316085,115.97320993099369,102.62450152748039,91.2080688752076,82.64118551405572,75.79490914764378,68.87475755284835,60.828399821244055
-6.55405103098221,-7.902423829135684,-4.9488449291281045,0.7261403990605277,5.261556523642343,5.174403389294024,0.33846743277424807,-4.744233659099507,-2.515038221622098,13.81273209623754,46.24410743802336,90.1801995882195,136.00149666880557,173.3368267423061,195.73554001005192,203.22442638805512,201.46560386826621,198.18414509457995,199.0256886455515,205.16303874220242,213.7629401745897,220.6505017792178,223.27916508175673,222.14458465970304,219.9617348026968,219.42841630972111,221.24085377025085,223.70749119579943,224.11080611533882,220.744049826313,214.1297497305053,206.5648185061333,200.3588111143042,196.07190200689823,192.05916355963672,185.68771235469356,175.3716096451207,161.93140782907918,148.2053186619994,137.061900874466,129.160459198272,122.12493274814663,111.95453450572222,95.9905416381063,75.57768277483457,56.52809034823376,46.725352679957254,51.97990225580137,72.45478083012966,101.82205157770082,129.81863631685428,146.91781124002472,148.5978644005158,136.92544091820557,118.73364769080119,101.61304873116833,90.08393970022067,84.02585741447344,79.95026868603458,73.98072565457122,64.51267168930808
-5.487000804680597,-7.04069981236367,-3.3873446348204723,3.7059246437691007,9.627303524146738,10.03058933456565,4.396567122961173,-2.3610811313262996,-1.6222071739854975,14.528527922065987,48.62035399473051,95.62455719652917,144.73628959058848,184.28512470691663,207.11582223334244,213.50359814437937,210.11759192340642,205.8344424172008,206.94252651931492,214.44358812897278,224.72018822102206,232.74641953525648,235.58718486328064,233.9966263973611,231.34716725203566,230.90730546045677,233.47056448945787,236.933078069497,237.97371258101916,234.52806137619882,227.25523191802296,218.97350062410374,212.51456112724028,208.5774755866332,205.16344787097339,199.04117152245675,188.21887151879014,173.62202004029703,158.66813282790454,146.89263168171286,139.22334018956715,132.90610969969165,123.09980913514651,106.37223013524192,83.90757943483516,62.17093333239258,50.20716286642115,54.84281322753174,76.49770403902008,108.14682988260878,138.2344838523905,156.0542936996997,156.6594525091453,142.6445818998,121.97429526974209,103.30259873534585,91.56257263254385,86.24110486927466,82.9861204775474,77.16939433046676,66.99830316193608
-2.912449518610813,-3.725831337617679,-0.2500818817179642,5.949336729654314,11.066066471094675,11.678897237587666,7.68898161748995,3.567449102996472,6.794914490651619,24.074443587275333,57.36978840838567,102.10800454618516,148.74851644169843,187.0062466626454,210.47320677069317,219.1498476719198,218.61687289417938,216.50680144701712,218.4084020499829,225.49532574862343,234.97886399345512,242.73366765142288,246.23014915101044,245.93531143644614,244.5076212186027,244.59525197100746,246.87941787033873,249.6909854070015,250.3498515239093,247.17072801883944,240.66406528324435,233.08897206438849,226.71876598615648,222.10620959949136,217.63549646281868,210.7216507895543,199.814244083044,185.73422465734657,171.28757624650433,159.3053817250405,150.43857322715738,142.3491883196279,131.10755647735274,114.12112905594032,92.75678586586382,72.7904208988212,62.03271162887986,66.23105476442743,85.53903696853575,113.68658899945922,140.51012183434605,156.5733460037235,157.39005682008445,144.99325641811814,126.13819243739907,108.34133526581321,96.09435732131277,89.30487414180203,84.54545684052488,77.99235789143367,68.0531283985759
0.9206383577536976,1.5616667935332962,4.080431567624307,7.4755653751670526,10.060219817238998,10.813418062161416,10.68980936113286,12.945986873864388,22.034027987798204,41.46395296961902,71.73209879960575,109.50082599449513,148.59978642791387,182.4342821936122,206.60367483244357,220.41508917203095,226.59477359014497,229.48557923207287,232.79722401850023,238.1098034040833,244.78270250882312,251.0588423889568,255.50989740331207,257.90422491485526,259.07639616832876,260.07098490951694,261.2663238990032,262.1034327091717,261.5524772387448,258.910548946424,254.31330600944807,248.58703665085181,242.57304382544478,236.4516976002599,229.5935118464269,221.06917486772542,210.4451435935676,198.24740993089878,185.6873080806901,173.78181536146553,162.49364985356266,150.59697905650918,136.54150052907508,119.89388448765362,102.43841410377809,88.08254536319174,81.35739211692822,85.16534991196998,98.97536441356108,118.53253843391974,137.37055268039313,149.4292596922573,151.46267914194186,144.04032564315068,130.72736078325516,116.01375108766321,103.17779773202261,93.18097946267896,84.99574796856821,76.91687910616633,67.91448824150228
5.362736409184742,7.589628584786402,8.648520200401242,8.387888444492573,7.916853159729347,9.273866683978396,14.63660340674258,25.500093007203546,42.22321037533746,64.08816392314802,89.71180778569679,117.48832065531867,145.81642423357053,173.09540670148573,197.68391753627031,218.0482007889095,233.158124366926,242.94427534039903,248.49368360816584,251.75263404571146,254.78450099313156,258.9235646850107,264.273495018897,269.83309413918084,274.1792158882398,276.3112857055398,276.1691252646354,274.5396107308795,272.4450250899597,270.4219461668188,268.1559240869438,264.6994211464373,259.120731645386,251.1525513278591,241.40887691269145,231.01798536143667,220.89901792190346,211.14749270156028,200.93867259275146,189.04174612156228,174.66045546714065,158.11198564394965,140.9486485145142,125.45238632418342,113.78478587961395,107.24137829570026,105.95126074261339,109.0700362263516,115.23457776313111,122.95720899653797,130.77258454321301,137.19562514201868,140.71715777311027,140.0311973627859,134.4780950605884,124.45667725161445,111.48486322772419,97.74752861224889,85.27619656913657,75.16061097975987,67.21917946657955
9.550531604481696,12.805153693866698,12.319001269676583,8.948387487326448,6.433299407181659,9.477833057472381,21.07407687195868,40.73193860498195,64.75007077127516,88.39056968128611,108.61194044904772,125.65103403591519,142.46905740363022,162.43371175698567,186.7332886056109,213.18960587855096,237.24535537104637,254.51873558965949,263.3276453640574,265.61479598938223,265.7246050315919,267.83118023311727,273.63187495266334,281.6961723341222,288.76424574734597,292.0478807829995,291.0000128846297,287.4457158558087,284.0973180147481,282.5475089398855,282.1409894507723,280.4819022658884,275.1910477900376,265.66273123439555,253.57109867849877,241.74000029236416,232.13367294806858,224.36886851823115,215.84238045081705,203.4967475795467,186.11708126678798,165.62538538588268,146.42517025333598,133.09082025482164,127.79157720162921,129.0647150485531,132.73729524727418,134.4474312852374,132.19646882425369,127.33438806870441,123.37131638909463,123.39071988229476,127.73113827020974,133.43226160455512,135.81736123621297,131.2271247548514,119.19554328343891,102.72228205361691,86.50414654431276,74.26073734518297,66.8167298354751
12.660360755125762,15.890070881868077,14.2702587684579,9.650117326454653,7.4412844346498295,13.673842419932424,31.267406473001042,57.88201138085088,86.84519861033479,110.76795521781663,125.74277057543509,133.57113928145827,140.61469978367145,153.9130599189717,176.88850398818215,207.21221585484912,238.0785730065746,262.05662540597535,275.15690470549055,278.70417122185387,278.0345182343726,279.00687652898813,284.587761028712,293.5698482960754,302.01025454778363,306.2184374347523,305.2226965165095,301.13793185511184,297.35731434407177,295.9628521283342,296.2139117132571,295.1499267257057,289.8278193483032,279.55903469756606,266.5111003917772,254.19427177938402,244.86955331148724,237.73723198323268,229.3010013175206,215.83043679039616,196.3445985118318,174.04585727193097,155.0339888113354,144.8865237537281,145.16605205711895,152.1134227201541,158.5169665341805,157.77623012579747,147.7508797626401,132.03295331747972,117.8115888736267,111.57678218253133,115.2367887409694,124.96933228567872,133.4496262658685,134.04934389259492,124.45380457683545,107.59057823058991,89.48209298582947,75.51858339300811,67.51602652555155
14.160400460658325,16.258287323744298,14.406670733988898,11.232473263515722,12.347922436613937,23.241159011876835,45.679750652072265,75.93398029042568,106.16793028283081,128.44254859732987,139.10037731750168,140.93397270814526,141.76350516502077,150.15164586801458,170.68771336069693,201.53079334850793,235.5541992340324,264.3107324232383,282.43613768860956,289.97954979670834,291.51867648933796,292.88746865570215,297.6838264537114,305.6492997033865,313.6581540457405,318.35265789300774,318.51610614096546,315.6404545668924,312.4964780001532,310.89587550307493,310.316733217313,308.35993674439584,302.64469287630556,292.7036458421006,280.4380857818503,268.74144640125587,259.25874393466427,250.95344908008545,240.67131374220403,225.50917806205837,205.44575358678054,184.32602550064766,168.236256338601,162.00708608168242,165.9368022689086,174.90243248782434,180.68649899050894,176.37725247470112,160.33123474629076,137.31559993257937,116.04966863385302,104.48807967420287,105.53523313112615,115.62296348310407,126.87950292631922,131.51516668470708,125.8267261230102,111.59008235165103,94.2853575160909,79.50235679424374,69.83320550539256
13.993867199338156,14.329572767101274,13.533544598195393,14.600386342564729,21.789842507075196,38.24597185345674,63.68928386755185,93.68997735741895,121.24743582305207,140.06545064301656,147.8232268564682,147.59582777683752,146.52155170598851,152.33013828459644,169.55165156307262,197.40729742635259,230.43235021840354,261.3622839966828,284.61689719203923,298.5190739028315,305.24531025145296,308.85659310089073,312.77613287898987,318.196778179772,324.1348793537976,328.75435861218097,330.87294428251437,330.63565326009865,329.0628957519901,327.0046063778895,324.38847429530796,320.33221639274717,313.97270154886115,305.2946510204281,295.2416531361122,284.96233911555,274.76172704904195,263.6458913871411,249.99146507356036,233.0474659071529,214.2546586352883,197.2945431241332,186.49185930264392,184.28750509435443,189.2648155468359,196.09581320866292,197.7561099926101,189.0056641664579,169.2720916353203,143.2713562336261,118.89695050688368,103.42773884198556,100.0557000772982,106.55338073391515,116.69490751484368,123.52799328140763,122.65052642771262,113.79172777895532,100.08727386864064,85.77347008497857,73.80854489555817
12.643448248922681,11.48482074301126,13.215583498721879,20.642127442679524,35.48368174575246,57.38336406495695,83.64472808178293,109.92046810234882,131.67774005997467,145.89696689288513,152.30590732288016,153.59990701210367,154.50476982700695,160.02704651086097,173.5871485774181,195.78173616236967,224.24957090727912,254.64554493270487,282.27476911050996,303.700613203454,317.7079184302077,325.32261583603486,329.00109620540286,331.4214646607639,334.4103253448239,338.40825365416737,342.60063375915615,345.5524142015266,346.00356653956396,343.46289869878876,338.3655287531087,331.76598171680655,324.73875980368973,317.77847055154535,310.49161088924666,301.7518980971279,290.29117594667997,275.4912900750988,258.0146917630103,239.93067763575712,224.175951030466,213.476321189085,209.13283665549034,210.20613283444592,213.5312525909572,214.67639859490447,209.5469477368882,196.0160266273521,174.89559909232167,149.79998636706708,125.90654778585201,108.08770992664304,99.1607715619723,98.95085473691759,104.511748280081,111.36101987241379,115.1802464782242,113.28206846727971,105.3008600999897,92.9314014979927,78.94214109369362
11.057935671441664,9.708967872235409,15.346796418590122,29.98212396932502,52.30203954760294,78.31590570799165,103.24976535018557,123.56434192500487,138.0371504364306,147.53830729727838,153.95471011346157,159.13835103104063,164.53552182105548,171.50426595049606,181.7421773770494,197.15550677317322,218.96984753448427,246.5691918038566,276.9392991953217,305.35830020734033,327.2252141369243,340.1256133038151,344.9478128041234,345.3228415186792,345.6235789852059,348.63351693322755,354.2212679106751,359.7659892675425,362.0206605602636,359.2296758626447,352.1821067256896,343.5710216644029,336.11028212810805,330.6508782822557,325.53888216746964,317.66648034017066,304.58654026152783,286.37215811447754,266.0377614350405,248.20883217625274,236.7855568496733,232.9366702510672,234.5340961515649,237.26390961842435,236.68700755909077,230.062984289462,217.03654483986605,199.07721746768624,178.3153480938743,156.6503583696484,135.61807502982842,116.81739964476056,102.22725721769267,93.83588434269126,92.58975909367327,97.31886669979258,104.51399264403533,109.41063755375637,108.00906356526212,98.97091231735307,84.26739465773473
10.457263033035307,11.027135888513637,21.560048479631597,42.73896100533314,70.54443534948412,98.30009897203632,120.1609858757996,133.93107926673048,141.57892858371767,147.32099820628446,154.676758603429,164.47445689936401,175.04870880686482,184.33253192048622,192.2413831930574,201.5467734342386,216.47543972315086,239.8539185200637,270.6859891771918,303.87364614451,332.46114869536433,351.1523341482548,358.9885171698199,359.55366251102635,358.60100909494787,360.5939104847055,366.2973152270923,372.8373100263478,376.03960626432723,373.4105168663052,365.7707211863229,356.50708279455137,349.0280604712423,344.21864125622966,339.69073919006723,331.4146438254116,316.6968544184986,296.5146929593441,275.5713592578744,259.88244107845185,253.31144599612375,255.1909281068427,260.5221247812038,262.64742683898476,256.76250541437093,242.15554021517354,221.92383995001185,200.54748855637027,181.03073859623203,163.49866204717753,146.068919371321,127.23462438593094,107.95585465699733,91.85732971096104,83.23482193112666,84.11137549571198,92.32219555800025,102.0321387659645,106.55538103023866,101.84605498699902,88.54610526978689
12.062581052790568,16.905484903144202,32.664298101009116,58.37116268146207,88.32447324772696,114.90828355529877,132.61529258691309,140.8469877519361,143.79858484964245,147.55500896111968,156.26980266920552,169.85054937840636,184.5747865507217,196.15161435956534,203.1566103815313,208.5257076978397,218.05356653479927,236.7905257016475,265.6129064697967,300.16589467131735,332.8975170514726,356.96898467452024,369.6756457874537,373.3642710424316,373.43535816670976,374.8267509767952,379.2320813550211,384.6987897427835,387.62057240814505,385.58371851118153,379.06271355345564,370.85885595318257,363.79582410176494,358.4147481075283,352.4113557569704,342.3291754139733,326.40261620702995,306.54540104548005,287.94393592941583,276.2706011013305,274.1618685353114,279.2149094564501,284.8991424049676,283.9715596786998,272.38169591178433,251.30060775023728,226.05924602954428,202.71482437911348,184.4444753941843,170.04100901983065,155.40487816045655,136.97787815356182,114.80421352200524,93.14650062353952,78.17185457081732,74.13196622404062,80.46067953559714,91.66087308520538,100.10680561272846,100.06948204319558,90.5385383536013
16.815965269952677,27.799906980349004,48.29622741368458,75.67769132911312,103.9700103562817,126.63109463354198,139.8929916082307,144.69635561036213,146.00775549080095,149.86633142197408,159.90118599336924,175.41008439180058,192.15045825561202,205.3314785053112,212.9394441720434,217.32312166061044,224.03933554231972,238.64241347679123,263.34953140289576,295.5654449289595,329.09746725647136,357.27342655660135,376.09704701645165,385.6726251654973,389.2842200980846,390.9521053774708,393.1018121315399,395.7061149314347,397.1568644226162,395.9701164952704,391.98881304570216,386.2672714078428,379.8829520494967,372.7477140655392,363.49078384733957,350.6589534347408,334.41834174828057,317.42207608226505,303.94746819397,297.559730930473,298.66274100484395,303.5723377943751,305.93506687069555,299.8777427628965,283.1198482244667,258.1833450925533,230.91274196824713,207.13636993922384,189.45241986652212,176.07183080846653,162.40165157545525,144.36917290130253,121.41343989328163,97.27634834906111,78.08203116592689,68.85545806433086,70.57074328062939,79.47046098503624,89.002392288663,93.1639251505307,89.28386880829477
25.155716632791165,42.98971927279064,66.90975413645346,92.97911204582901,116.33793556892314,133.18959959471428,142.47500892552708,146.3345562610442,149.02999047536252,154.81284808538885,165.82691306136317,181.15671927265922,197.53792979329896,211.34483831211963,220.768226616228,226.99185678989153,233.72784636748435,245.36600037958567,264.7267536754506,291.5825988763543,322.65864403419886,353.0236302058772,378.0953935173935,395.26744311390127,404.4797739706247,407.6687846523389,407.5677589054906,406.51889069690685,405.77184676096425,405.3757639256665,404.47972370351226,401.78799177243104,396.0287144112345,386.4220864104244,373.1340213312339,357.5740645839204,342.2839154946996,330.2317064369344,323.61906481417753,322.67609845293396,325.1054429475181,326.6469953136588,322.69837009082534,310.3143577208518,289.5922069009024,263.66685052665855,237.22752132439814,214.26649502962135,196.22490621220226,181.52533494813306,166.7462582895673,148.79861104716247,126.91270896286233,103.3487234245121,82.44589200762964,68.52622542748828,63.76464250600143,67.11291020742095,74.76395162719642,81.82868311542191,84.32503930897214
36.898391624651296,60.74503305171561,86.12160328216545,108.45084251430194,124.97586090969106,135.48122784004718,141.84962884164918,146.88625204570238,153.08676362627577,161.86966519370614,173.41896781578308,186.96040260191353,201.19946901723554,214.76203281046332,226.62989592455813,236.58939714252585,245.58434996022993,255.71951405293282,269.68220615141473,289.61399209838385,315.8510844812654,346.2001432096913,376.29842643968055,401.10633991230975,416.94004870899073,423.0522689695698,421.89436949025065,417.8336288178775,414.92868712934563,414.91324241218297,416.466732342949,416.1713141221157,410.63373326752327,398.60664822003866,381.9439944516708,364.86902891937433,351.9544479950174,345.8934289871105,346.2117770961763,349.524367930022,351.10989483381945,346.9372213284523,335.15162717670313,316.42877769897655,293.24461916253193,268.6102866901413,244.93884137909922,223.462557589249,204.2327739831806,186.4699602794634,169.0102166913239,150.7395087076617,131.03366964708218,110.19654720862104,89.73694313674383,72.21257134390754,60.46416928669374,56.385606570245216,59.75069102733381,67.77244046443546,75.82689473586781
51.25222902260944,78.77397731547723,103.31761692403585,120.52910795681593,130.10910481182825,135.19828899876293,140.03435115482807,147.4767166251029,157.87892086555414,169.75454690726957,181.46876277116164,192.60525410543315,204.05358732673648,216.90221668243274,231.1441683701359,245.34536826336637,257.68784593365433,267.7086375761992,277.4026882418204,290.65155965573786,311.03638736900444,339.2743806234232,371.96036628296133,402.63176213435355,424.76852216472946,435.0712947731885,435.07078283981343,430.0500248663004,425.8703519458334,425.58550321618213,427.8823301484683,428.2795692704959,422.32121940766234,408.7693598195629,390.8012629085367,374.4473887904802,365.2018244153792,364.8437092890069,370.3542664027306,375.5203481010943,374.206384225149,363.3478965015938,344.00999579449433,320.1225749867208,295.9107417919273,273.7021357052922,253.3505450671497,233.33436719476114,212.49179164361618,191.0610544108823,170.34660685861704,151.4234281069684,134.02942040307593,116.65287319156432,97.90014481737684,78.18851923983081,60.413945557274914,48.82560503767933,46.55312267168696,53.26623565308639,64.56292366256014
66.95575272427976,94.81204021400839,116.33975377018727,128.28030336212387,132.4786460543675,134.2556135022758,138.9663866448931,148.9665675620387,162.80991720861186,176.9596239668203,188.6492755003697,197.86106962467122,207.10670160808988,219.280681075143,235.21591771229703,252.78051715456934,268.27075387075644,279.21574625953195,286.6380327805167,295.0657193203034,310.03785694299313,334.54512921655896,366.66542400607364,400.0091949214501,426.8583740667982,442.1667390854442,446.00551550305585,442.98528649589366,439.0753834875587,437.86904800704184,438.6608401620082,437.5051932055713,430.4824390548131,416.9642606209603,400.67054454500266,387.7440116942534,383.0116100796919,386.79926006076073,394.34838164809213,398.2555361833745,392.4664268822697,375.4082186988885,350.4282605906403,323.4231462762494,299.2731816779319,279.34198039255256,261.4833920645452,242.2975245187001,219.93160549221813,195.46993139429108,172.02845000925106,152.3089399217426,136.45170031778767,121.81654175781352,104.9617649814565,84.50648529472664,62.84374857721307,45.34051585184993,37.306283737250205,40.554313278230886,51.77682537199193
82.50783167545161,107.17662280522505,124.04567801038552,131.62669951858476,133.0908619267707,134.2144620745614,139.9529658553041,151.76209304684255,167.26034907226622,182.29959386438614,193.97473519057348,202.5537504476852,211.08849979432065,223.04775942421435,239.64711655515097,258.75432511858867,276.18870508274625,288.6096763960886,296.0783667505004,302.5216346403429,313.6517170198628,333.5440123057395,361.9773602616251,394.20297621024605,423.305096482575,443.71293915397035,453.7462831349204,455.7479523169359,453.92319659128424,451.44201034858384,448.73904259749673,444.0438934562376,435.61265672700125,423.9588761130839,412.3821007797836,405.26495367254654,405.17159448470125,410.6823485566853,416.52068489463915,416.0926976520663,404.9925540939262,383.3563956898496,355.6244806085841,327.8748029767378,304.394513095732,285.59364997236173,268.46382547874356,249.13517348941008,225.760982848978,199.8140030905092,174.98953609394488,154.5338924851969,138.87678339977774,125.24223946409425,109.57941816821366,89.57368079802873,66.7190511998605,45.98304599755804,33.130366572310265,31.299763287473517,38.95261918306568
96.43766218926125,115.1268783339614,126.57108281424499,131.35716902966934,132.95415308316163,135.8791230431068,143.34860358106786,155.75335865957518,170.81826003276848,185.29485985740152,197.10710324392588,206.61169164741332,216.21060965231112,228.60452851514765,244.83998954239382,263.4345107723668,281.1790612190952,295.14943094333375,304.68038217545035,312.0567219097318,321.4494300625591,336.68511690370696,359.1260857864546,386.84450223241316,415.4827786730566,440.2159389714227,457.6728224463143,466.8405753148435,468.7053795651566,465.1625915141681,458.05678971329365,448.91744029234434,439.3010531876196,431.13273983740027,426.44010144604863,426.3903760812278,430.1966416423978,434.7536939396509,435.53691767813945,428.51726626067574,412.1169783043075,388.0630779841355,360.5546113752983,334.1359102541279,311.4595546251371,292.2164629289431,273.8215148790214,253.3829472254552,229.70974184914485,204.11094216444386,179.51844875887653,158.53273430987988,141.67559229725373,127.00277183483267,111.36514295121326,92.55582147778779,71.00467080230737,49.94051655168606,33.86861056443135,26.22487144372535,27.544828559343046
107.55828654535652,118.93522629511264,125.2175261783623,128.91139606916735,132.8692701415232,139.17646957642614,148.54945359969088,160.39585407943312,173.39557658869978,186.27484414186165,198.41759296419144,210.07430548750384,222.12097194343235,235.51053664181526,250.68079850437255,267.19967317031023,283.8361696906148,299.0705346414975,311.85712574729615,322.3064614467205,331.93259245377567,343.25362023315427,358.8033243409727,379.90555139277393,405.74051169936325,433.1847517216317,457.6205658909075,474.4912214302604,481.0129327484983,477.3258194311265,466.5576019176822,453.718097344829,443.8446685461512,440.1470634115264,442.9001006706254,449.5044109272979,455.6333860229593,456.94021261360746,450.6073722261646,436.1497133454827,415.247652487542,390.8064586740013,365.7235809965746,341.8933508514052,319.80088497495655,298.7633069998418,277.60624612460464,255.42186712551273,232.07495859398003,208.2706931850769,185.19753579164626,163.93364836453668,144.89766920811542,127.60778462564224,110.89137868652575,93.49786754359899,74.87470811391712,55.75088886499323,38.19967508617123,25.039789214261944,18.725123858092093
115.15511563887368,119.67007154213681,122.00591543832304,125.99223656340462,133.31446396889606,143.33079204211975,154.29071745430699,164.90946091937326,175.20704230486118,186.187584156752,198.79795907441067,213.06214843627686,228.05740374619225,242.69446693779858,256.62526850499836,270.50181344508695,285.32278721874803,301.35063140803254,317.49806141524994,331.8253255633949,342.9927062820028,351.71975657963117,361.1021897585265,375.2490173439046,396.7945811524826,424.71445943035116,453.9131445857471,477.13812294747845,488.4066887607375,486.13599607174746,474.1892368691292,460.1373098887254,451.57911013725317,452.4611988034481,461.33763239555753,472.4131379097008,478.6690905165126,475.2853059214219,461.5483017162646,440.4325316776234,416.40940976137654,392.95221530973276,371.1660540712032,350.0977095326799,328.18815574151495,304.71880788863933,280.3031397147033,256.2682783693285,233.5679578497797,212.12585590272107,191.09208753183523,169.74938294896697,148.29262998559219,127.80514729139979,109.39387319179875,93.149475141356,77.8276503342484,61.69062962830079,44.084354317029195,26.659990280876773,13.193953719999953
119.07817898820198,118.77859004454882,119.04006840261118,124.11310287219317,134.43335536779372,147.24960004335705,159.13605023667938,168.53391697850307,176.6375219983271,186.20191947860607,199.3007447203258,215.72103978056955,233.1366928691417,248.875772864057,261.9361672422515,273.72448021826915,286.92071439483277,303.2551963202585,321.8432475591501,339.4220405636982,352.53324182988547,360.2632738198355,365.59291796970143,374.17195286705225,390.99125923513435,416.91068460827614,447.30536684051816,473.9344166072165,489.17901898871463,490.25781494764703,480.9042235653795,469.41565315588826,464.11790475879724,468.82894724558406,480.9062627146258,492.92112322957746,496.86984040401575,488.40677423826935,468.70711481984006,443.10667115222077,417.6227562290466,395.6190642334821,376.5730301741925,357.41829484021434,335.2781478593872,309.64183173713366,282.5956761415201,257.15277642205535,235.0257385731123,215.4880455331734,196.11052900876146,174.77546569859734,151.44322431652733,128.32581842434055,108.28257395663555,92.57946066935901,79.69873926034708,66.22753758261564,49.402203180424095,29.62364959694661,11.088439623605945
119.72840298725595,117.61532694112626,117.88238429413235,124.20873596299285,136.10371415809024,149.97239600538234,161.98953553210652,170.7635947258774,178.05977904391202,187.2547753845934,200.7421154780915,218.16082936914162,236.67242903515,253.03806330117717,265.9746100889484,277.0723574187955,289.57243891217684,305.83088165007103,325.2785973436031,344.4221783308742,359.061385056054,367.33217727247575,371.4922962797829,377.06708858116383,389.6614870229788,411.33427038980574,438.8585072877278,465.1204360836178,482.97269749560127,489.27586366254025,486.6603537921765,481.88431049787135,481.7346089622419,488.9272301925574,500.4632493071314,509.3876692326461,508.8267684247444,495.83617975457616,472.7937990179095,445.65361592247575,420.3129105401909,399.41692014973273,381.49729723265835,362.7504682193933,340.07376421076674,313.2764934643094,285.074947320948,259.0473390659356,237.0936211540897,218.20956567825672,199.4019900149883,178.0432889137119,153.94789369028658,129.6493706390627,108.62992647983977,92.72727227945694,80.59141103209947,68.41016585909394,52.576038537775574,32.56319699039191,11.996230653732804
117.94884371729074,117.06946433264129,119.13610327420105,126.42092033109529,138.04775695265957,151.02334827256948,162.45947088967193,171.4916107836218,179.67645993060947,189.7073433476059,203.4080916050231,220.41046963719978,238.40932195155324,254.78463298708613,268.4346539472647,280.51907791145277,293.564048728063,309.52228263893574,328.1354299075371,346.78902834306473,362.067997486333,372.0570819501255,377.8671993845482,383.30348354109907,392.7662850552192,408.6368772690137,429.7811828561756,452.138016526888,471.0534212924053,483.9122870089146,491.4211238189606,496.74829171973863,503.09116435495105,511.242650677632,518.7295179981795,521.0920533256857,514.5114596587276,498.1389881297644,474.6781508641654,448.8817700183306,424.9305513641744,404.3266992222873,385.55452181008144,365.5994850519578,342.24168793392477,315.6048789418229,288.00556287375355,262.31026073420423,239.99135933897392,220.22873235354095,200.6504360286349,179.16426061096172,155.57908817436626,131.8601537459149,110.80733441492526,94.05053705558848,80.76719503031669,68.08228188086514,52.98983437354817,34.578185673825544,15.064390243696343
114.84739366107948,117.4004078855884,122.35863278349585,130.11981502000464,139.94272241930196,150.55191887571445,160.95828753018338,171.02199477171533,181.44469397848184,193.22849700132176,206.96390241578604,222.4046421718554,238.59472304377218,254.45464416571605,269.43793364196904,283.82415226893977,298.4490137883908,314.03691178652394,330.56377979321235,347.0715881888204,362.0832088245955,374.3983466221199,383.8161794318812,391.3703684528873,398.94596174158465,408.4952721311384,421.26979870678946,437.42878587037,456.1289037874845,475.9210469675431,495.15611987760434,512.1929423266848,525.419568285565,533.273957697127,534.4499608500921,528.2999682395681,515.2274548032096,496.7714166948318,475.2088546738234,452.7799672413835,430.89684211371764,409.7529177461718,388.5504995073225,366.2160499438814,342.1890994349483,316.83058383128264,291.2314502131121,266.5703764800843,243.4419937618479,221.5835930674555,200.1656307872807,178.4466779071963,156.35892967741756,134.63536386027974,114.38545421711115,96.38462548643821,80.53531025682297,65.8616889141319,51.07553047268598,35.39982459571198,19.176793798875952
111.58596334963123,118.31390025972819,126.3209945589511,134.1515819157527,141.50227347160424,149.22621846628687,158.51518076610543,169.95002509888866,183.10644971216166,196.93892558922582,210.59206863976817,224.00573889738672,237.86727595353986,252.96692940519293,269.4603185416603,286.6112940463842,303.22992619360116,318.49180589173676,332.512476424993,346.1960333027725,360.39963961275254,374.9976238109741,388.59329146476557,399.25602478044726,405.9631460470953,409.85480637224936,414.3741426259927,423.9475095913241,441.74131151993254,467.6740012824167,497.8413417304494,525.7985106486929,545.1300785198559,552.0193357715589,546.5284663000785,532.0206560740854,513.1678148697707,493.70213571671326,475.09021842488306,456.6664617019534,436.88072647096595,414.73271697157605,390.5015454010873,365.4501542070066,340.8823548574889,317.3007808175999,294.24956430214604,270.88359963109843,246.78351644133087,222.39023576755295,198.74531997618476,176.75183644779437,156.52907631916483,137.36490734858188,118.321744651355,99.0494578959938,80.17140721864712,62.892725841241734,48.053698737171516,35.31496486268759,23.165034630340017
109.17250111811666,119.22627876051833,129.51541065930883,137.23509279554338,142.51820594053,147.9333379151345,156.37613113054505,168.9519766834091,184.30619626434702,199.75552487945887,213.30375147807231,225.052515465359,237.00727715240802,251.4558095638555,269.12541714134284,288.48405577984477,306.728549615377,321.7754783814152,333.8044680367782,345.1607261373337,358.5618395182975,374.8063546365956,391.66607689639767,404.9665252311979,411.4077259526679,411.39259945475334,409.9005438128142,414.5058274262707,431.39011847649573,461.54901717524615,499.4594595121337,535.1525466694364,558.6888680616235,564.6331717423343,554.1252561133566,533.544210666363,510.7106569135017,490.8939885996134,474.8246358668459,459.56086203952356,441.30990142565975,418.24124650367077,391.55954312738584,364.38947638351846,339.477268970678,317.3908951753747,296.41667389547956,274.0973740833045,249.2187602037503,222.79436575098705,197.3640933529579,175.14983228299118,156.4332362486162,139.36181165465877,121.36058848658499,101.14930093299574,79.87597362032442,60.449661769369825,45.42604712229715,34.90192134595172,26.016473718443457
108.28795432129463,119.6016178781896,130.733298886925,138.3855718940756,142.86980623457816,147.40805305729518,155.53703974411985,168.55351237164209,184.74476973302777,200.80530995023457,214.30785949727655,225.41751389671634,236.64115668470396,250.83589236940313,268.9478057203137,289.14497943108086,308.01235294532654,322.9850781304534,334.259867574343,344.7220219885518,357.7947424240014,374.63721876142733,392.7240058683259,407.0472798554236,413.4494620859304,412.04078272305276,408.3524358893163,411.11542938320855,427.62845056956746,459.2936317744931,500.0,538.4866133111132,563.5220499187176,569.0832439235468,556.716681900364,533.9186861837127,509.6668843007054,489.782779891445,474.704467315085,460.6329926498447,442.9426604928068,419.5061431829387,391.88916949934793,363.9224793269343,338.89282251902586,317.3856802815526,297.2063437968838,275.28607172405344,250.11109927526766,222.9140500442267,196.80443100991081,174.50578890116498,156.36342836356417,140.09394886497685,122.50026070907421,101.94415572000108,79.76505964431274,59.51312718953907,44.397489458225934,34.69338762337877,27.047328915318076
109.17250111811666,119.22627876051833,129.51541065930883,137.23509279554338,142.51820594053,147.9333379151345,156.37613113054505,168.9519766834091,184.30619626434702,199.75552487945887,213.30375147807231,225.052515465359,237.00727715240802,251.4558095638555,269.12541714134284,288.48405577984477,306.728549615377,321.7754783814152,333.8044680367782,345.1607261373337,358.5618395182975,374.8063546365956,391.66607689639767,404.9665252311979,411.4077259526679,411.39259945475334,409.9005438128142,414.5058274262707,431.39011847649573,461.54901717524615,499.4594595121337,535.1525466694364,558.6888680616235,564.6331717423343,554.1252561133566,533.544210666363,510.7106569135017,490.8939885996134,474.8246358668459,459.56086203952356,441.30990142565975,418.24124650367077,391.55954312738584,364.38947638351846,339.477268970678,317.3908951753747,296.41667389547956,274.0973740833045,249.2187602037503,222.79436575098705,197.3640933529579,175.14983228299118,156.4332362486162,139.36181165465877,121.36058848658499,101.14930093299574,79.87597362032442,60.449661769369825,45.42604712229715,34.90192134595172,26.016473718443457
111.58596334963123,118.31390025972817,126.32099455895109,134.15158191575267,141.50227347160427,149.2262184662869,158.51518076610546,169.9500250988887,183.10644971216166,196.93892558922582,210.59206863976814,224.00573889738672,237.86727595353986,252.9669294051929,269.4603185416602,286.6112940463842,303.2299261936011,318.4918058917368,332.51247642499305,346.19603330277243,360.3996396127526,374.99762381097406,388.5932914647656,399.25602478044726,405.9631460470953,409.85480637224936,414.3741426259928,423.9475095913242,441.7413115199325,467.6740012824168,497.84134173044936,525.7985106486929,545.1300785198558,552.0193357715588,546.5284663000784,532.0206560740855,513.1678148697707,493.70213571671326,475.09021842488306,456.66646170195344,436.8807264709659,414.7327169715761,390.5015454010873,365.45015420700656,340.88235485748896,317.3007808175999,294.249564302146,270.8835996310985,246.78351644133087,222.39023576755295,198.7453199761848,176.75183644779437,156.52907631916483,137.36490734858185,118.32174465135496,99.04945789599378,80.17140721864715,62.89272584124175,48.05369873717153,35.314964862687596,23.165034630340006
114.84739366107947,117.40040788558836,122.35863278349585,130.11981502000464,139.94272241930193,150.55191887571445,160.95828753018338,171.02199477171527,181.4446939784819,193.22849700132178,206.96390241578604,222.40464217185541,238.59472304377215,254.45464416571608,269.43793364196915,283.8241522689399,298.4490137883909,314.03691178652394,330.5637797932124,347.07158818882044,362.0832088245955,374.39834662211996,383.81617943188127,391.37036845288736,398.94596174158465,408.4952721311384,421.2697987067894,437.42878587036995,456.1289037874843,475.92104696754296,495.15611987760434,512.1929423266848,525.419568285565,533.2739576971271,534.4499608500921,528.2999682395681,515.2274548032096,496.7714166948319,475.2088546738233,452.7799672413834,430.8968421137178,409.7529177461719,388.5504995073225,366.2160499438814,342.1890994349483,316.8305838312825,291.23145021311217,266.5703764800843,243.44199376184787,221.58359306745547,200.1656307872807,178.44667790719626,156.3589296774175,134.6353638602798,114.38545421711117,96.38462548643821,80.53531025682297,65.86168891413189,51.07553047268598,35.39982459571198,19.17679379887597
117.94884371729074,117.06946433264127,119.13610327420106,126.42092033109533,138.04775695265963,151.02334827256945,162.45947088967193,171.49161078362178,179.67645993060947,189.70734334760584,203.4080916050231,220.4104696371998,238.40932195155327,254.7846329870861,268.4346539472646,280.51907791145277,293.56404872806314,309.52228263893574,328.13542990753723,346.78902834306473,362.067997486333,372.0570819501255,377.86719938454826,383.3034835410992,392.7662850552194,408.63687726901384,429.7811828561755,452.13801652688784,471.05342129240523,483.9122870089144,491.4211238189606,496.7482917197387,503.0911643549512,511.242650677632,518.7295179981796,521.0920533256857,514.5114596587276,498.1389881297643,474.67815086416545,448.8817700183307,424.93055136417445,404.3266992222873,385.55452181008127,365.5994850519578,342.2416879339247,315.6048789418229,288.00556287375355,262.3102607342042,239.9913593389739,220.22873235354092,200.6504360286349,179.16426061096178,155.57908817436626,131.86015374591491,110.80733441492528,94.05053705558848,80.76719503031666,68.08228188086512,52.98983437354815,34.578185673825544,15.06439024369636
119.72840298725595,117.61532694112626,117.88238429413235,124.20873596299285,136.10371415809024,149.97239600538234,161.98953553210652,170.7635947258774,178.05977904391202,187.2547753845934,200.7421154780915,218.16082936914162,236.67242903515,253.03806330117717,265.9746100889484,277.0723574187955,289.57243891217684,305.83088165007103,325.2785973436031,344.4221783308742,359.061385056054,367.33217727247575,371.4922962797829,377.06708858116383,389.6614870229788,411.33427038980574,438.8585072877278,465.1204360836178,482.97269749560127,489.27586366254025,486.6603537921765,481.88431049787135,481.7346089622419,488.9272301925574,500.4632493071314,509.3876692326461,508.8267684247444,495.83617975457616,472.7937990179095,445.65361592247575,420.3129105401909,399.41692014973273,381.49729723265835,362.7504682193933,340.07376421076674,313.2764934643094,285.074947320948,259.0473390659356,237.0936211540897,218.20956567825672,199.4019900149883,178.0432889137119,153.94789369028658,129.6493706390627,108.62992647983977,92.72727227945694,80.59141103209947,68.41016585909394,52.576038537775574,32.56319699039191,11.996230653732804
119.07817898820198,118.77859004454882,119.04006840261118,124.11310287219317,134.43335536779372,147.24960004335705,159.13605023667938,168.53391697850307,176.6375219983271,186.20191947860607,199.3007447203258,215.72103978056955,233.1366928691417,248.875772864057,261.9361672422515,273.72448021826915,286.92071439483277,303.2551963202585,321.8432475591501,339.4220405636982,352.53324182988547,360.2632738198355,365.59291796970143,374.17195286705225,390.99125923513435,416.91068460827614,447.30536684051816,473.9344166072165,489.17901898871463,490.25781494764703,480.9042235653795,469.41565315588826,464.11790475879724,468.82894724558406,480.9062627146258,492.92112322957746,496.86984040401575,488.40677423826935,468.70711481984006,443.10667115222077,417.6227562290466,395.6190642334821,376.5730301741925,357.41829484021434,335.2781478593872,309.64183173713366,282.5956761415201,257.15277642205535,235.0257385731123,215.4880455331734,196.11052900876146,174.77546569859734,151.44322431652733,128.32581842434055,108.28257395663555,92.57946066935901,79.69873926034708,66.22753758261564,49.402203180424095,29.62364959694661,11.088439623605945
115.15511563887368,119.67007154213681,122.00591543832304,125.99223656340462,133.31446396889606,143.33079204211975,154.29071745430699,164.90946091937326,175.20704230486118,186.187584156752,198.79795907441067,213.06214843627686,228.05740374619225,242.69446693779858,256.62526850499836,270.50181344508695,285.32278721874803,301.35063140803254,317.49806141524994,331.8253255633949,342.9927062820028,351.71975657963117,361.1021897585265,375.2490173439046,396.7945811524826,424.71445943035116,453.9131445857471,477.13812294747845,488.4066887607375,486.13599607174746,474.1892368691292,460.1373098887254,451.57911013725317,452.4611988034481,461.33763239555753,472.4131379097008,478.6690905165126,475.2853059214219,461.5483017162646,440.4325316776234,416.40940976137654,392.95221530973276,371.1660540712032,350.0977095326799,328.18815574151495,304.71880788863933,280.3031397147033,256.2682783693285,233.5679578497797,212.12585590272107,191.09208753183523,169.74938294896697,148.29262998559219,127.80514729139979,109.39387319179875,93.149475141356,77.8276503342484,61.69062962830079,44.084354317029195,26.659990280876773,13.193953719999953
107.55828654535658,118.93522629511266,125.2175261783623,128.9113960691673,132.86927014152323,139.17646957642614,148.54945359969088,160.39585407943315,173.39557658869984,186.2748441418617,198.41759296419144,210.0743054875039,222.12097194343244,235.51053664181526,250.6807985043726,267.1996731703103,283.8361696906147,299.0705346414974,311.85712574729615,322.3064614467205,331.9325924537758,343.2536202331542,358.8033243409727,379.9055513927739,405.7405116993632,433.1847517216316,457.6205658909075,474.4912214302604,481.0129327484983,477.32581943112655,466.55760191768223,453.71809734482895,443.8446685461512,440.1470634115264,442.9001006706254,449.5044109272981,455.6333860229595,456.9402126136076,450.6073722261646,436.1497133454828,415.247652487542,390.8064586740014,365.7235809965745,341.89335085140533,319.80088497495666,298.76330699984175,277.60624612460464,255.42186712551282,232.07495859398009,208.27069318507696,185.19753579164626,163.93364836453662,144.89766920811542,127.60778462564224,110.89137868652573,93.49786754359897,74.87470811391711,55.7508888649933,38.19967508617126,25.039789214261937,18.725123858092054
96.4376621892613,115.1268783339614,126.57108281424497,131.35716902966934,132.9541530831616,135.87912304310677,143.34860358106786,155.75335865957518,170.81826003276845,185.29485985740152,197.1071032439259,206.61169164741338,216.21060965231123,228.6045285151478,244.83998954239385,263.43451077236693,281.1790612190953,295.14943094333375,304.6803821754504,312.0567219097318,321.4494300625591,336.6851169037069,359.12608578645467,386.84450223241316,415.4827786730566,440.21593897142264,457.6728224463142,466.8405753148434,468.70537956515665,465.1625915141682,458.0567897132937,448.9174402923444,439.30105318761963,431.1327398374003,426.4401014460487,426.39037608122794,430.19664164239794,434.753693939651,435.5369176781395,428.5172662606758,412.1169783043074,388.0630779841355,360.55461137529835,334.1359102541279,311.45955462513723,292.21646292894326,273.8215148790214,253.38294722545524,229.70974184914485,204.1109421644439,179.51844875887662,158.53273430987988,141.67559229725376,127.00277183483269,111.36514295121324,92.55582147778779,71.00467080230737,49.940516551686095,33.86861056443137,26.224871443725338,27.544828559343003
82.50783167545161,107.17662280522505,124.04567801038552,131.62669951858476,133.0908619267707,134.2144620745614,139.9529658553041,151.76209304684255,167.26034907226622,182.29959386438614,193.97473519057348,202.5537504476852,211.08849979432065,223.04775942421435,239.64711655515097,258.75432511858867,276.18870508274625,288.6096763960886,296.0783667505004,302.5216346403429,313.6517170198628,333.5440123057395,361.9773602616251,394.20297621024605,423.305096482575,443.71293915397035,453.7462831349204,455.7479523169359,453.92319659128424,451.44201034858384,448.73904259749673,444.0438934562376,435.61265672700125,423.9588761130839,412.3821007797836,405.26495367254654,405.17159448470125,410.6823485566853,416.52068489463915,416.0926976520663,404.9925540939262,383.3563956898496,355.6244806085841,327.8748029767378,304.394513095732,285.59364997236173,268.46382547874356,249.13517348941008,225.760982848978,199.8140030905092,174.98953609394488,154.5338924851969,138.87678339977774,125.24223946409425,109.57941816821366,89.57368079802873,66.7190511998605,45.98304599755804,33.130366572310265,31.299763287473517,38.95261918306568
66.95575272427976,94.81204021400839,116.33975377018727,128.28030336212387,132.4786460543675,134.2556135022758,138.9663866448931,148.9665675620387,162.80991720861186,176.9596239668203,188.6492755003697,197.86106962467122,207.10670160808988,219.280681075143,235.21591771229703,252.78051715456934,268.27075387075644,279.21574625953195,286.6380327805167,295.0657193203034,310.03785694299313,334.54512921655896,366.66542400607364,400.0091949214501,426.8583740667982,442.1667390854442,446.00551550305585,442.98528649589366,439.0753834875587,437.86904800704184,438.6608401620082,437.5051932055713,430.4824390548131,416.9642606209603,400.67054454500266,387.7440116942534,383.0116100796919,386.79926006076073,394.34838164809213,398.2555361833745,392.4664268822697,375.4082186988885,350.4282605906403,323.4231462762494,299.2731816779319,279.34198039255256,261.4833920645452,242.2975245187001,219.93160549221813,195.46993139429108,172.02845000925106,152.3089399217426,136.45170031778767,121.81654175781352,104.9617649814565,84.50648529472664,62.84374857721307,45.34051585184993,37.306283737250205,40.554313278230886,51.77682537199193
51.25222902260944,78.77397731547723,103.31761692403585,120.52910795681593,130.10910481182825,135.19828899876293,140.03435115482807,147.4767166251029,157.87892086555414,169.75454690726957,181.46876277116164,192.60525410543315,204.05358732673648,216.90221668243274,231.1441683701359,245.34536826336637,257.68784593365433,267.7086375761992,277.4026882418204,290.65155965573786,311.03638736900444,339.2743806234232,371.96036628296133,402.63176213435355,424.76852216472946,435.0712947731885,435.07078283981343,430.0500248663004,425.8703519458334,425.58550321618213,427.8823301484683,428.2795692704959,422.32121940766234,408.7693598195629,390.8012629085367,374.4473887904802,365.2018244153792,364.8437092890069,370.3542664027306,375.5203481010943,374.206384225149,363.3478965015938,344.00999579449433,320.1225749867208,295.9107417919273,273.7021357052922,253.3505450671497,233.33436719476114,212.49179164361618,191.0610544108823,170.34660685861704,151.4234281069684,134.02942040307593,116.65287319156432,97.90014481737684,78.18851923983081,60.413945557274914,48.82560503767933,46.55312267168696,53.26623565308639,64.56292366256014
36.898391624651246,60.74503305171554,86.12160328216537,108.45084251430191,124.97586090969104,135.48122784004715,141.84962884164912,146.8862520457024,153.08676362627568,161.8696651937061,173.41896781578305,186.96040260191347,201.1994690172356,214.7620328104633,226.6298959245581,236.58939714252574,245.58434996022999,255.7195140529328,269.68220615141473,289.6139920983839,315.85108448126533,346.20014320969136,376.2984264396806,401.10633991230975,416.94004870899073,423.05226896956975,421.8943694902506,417.8336288178776,414.9286871293456,414.91324241218297,416.4667323429489,416.1713141221155,410.6337332675232,398.60664822003855,381.94399445167073,364.8690289193743,351.9544479950173,345.8934289871104,346.21177709617615,349.5243679300218,351.10989483381934,346.93722132845227,335.15162717670313,316.42877769897655,293.2446191625319,268.61028669014127,244.93884137909913,223.46255758924897,204.2327739831805,186.46996027946335,169.01021669132393,150.73950870766174,131.03366964708218,110.19654720862103,89.73694313674376,72.21257134390753,60.464169286693725,56.385606570245244,59.75069102733384,67.77244046443545,75.82689473586785
25.15571663279121,42.989719272790715,66.90975413645356,92.9791120458291,116.33793556892323,133.18959959471428,142.47500892552708,146.33455626104418,149.02999047536255,154.81284808538882,165.82691306136317,181.15671927265927,197.53792979329896,211.34483831211963,220.76822661622802,226.99185678989156,233.7278463674845,245.36600037958564,264.7267536754506,291.58259887635427,322.65864403419886,353.0236302058771,378.09539351739346,395.2674431139012,404.47977397062476,407.66878465233896,407.56775890549073,406.51889069690685,405.77184676096437,405.37576392566655,404.4797237035123,401.7879917724312,396.0287144112345,386.4220864104245,373.1340213312339,357.5740645839204,342.28391549469967,330.2317064369345,323.61906481417765,322.67609845293407,325.10544294751816,326.646995313659,322.69837009082545,310.31435772085183,289.5922069009024,263.6668505266585,237.22752132439814,214.26649502962135,196.2249062122023,181.52533494813312,166.74625828956735,148.7986110471625,126.91270896286241,103.34872342451213,82.44589200762964,68.52622542748826,63.76464250600139,67.11291020742092,74.76395162719638,81.82868311542184,84.3250393089721
16.815965269952677,27.799906980349004,48.29622741368458,75.67769132911312,103.9700103562817,126.63109463354198,139.8929916082307,144.69635561036213,146.00775549080095,149.86633142197408,159.90118599336924,175.41008439180058,192.15045825561202,205.3314785053112,212.9394441720434,217.32312166061044,224.03933554231972,238.64241347679123,263.34953140289576,295.5654449289595,329.09746725647136,357.27342655660135,376.09704701645165,385.6726251654973,389.2842200980846,390.9521053774708,393.1018121315399,395.7061149314347,397.1568644226162,395.9701164952704,391.98881304570216,386.2672714078428,379.8829520494967,372.7477140655392,363.49078384733957,350.6589534347408,334.41834174828057,317.42207608226505,303.94746819397,297.559730930473,298.66274100484395,303.5723377943751,305.93506687069555,299.8777427628965,283.1198482244667,258.1833450925533,230.91274196824713,207.13636993922384,189.45241986652212,176.07183080846653,162.40165157545525,144.36917290130253,121.41343989328163,97.27634834906111,78.08203116592689,68.85545806433086,70.57074328062939,79.47046098503624,89.002392288663,93.1639251505307,89.28386880829477
12.062581052790568,16.905484903144202,32.664298101009116,58.37116268146207,88.32447324772696,114.90828355529877,132.61529258691309,140.8469877519361,143.79858484964245,147.55500896111968,156.26980266920552,169.85054937840636,184.5747865507217,196.15161435956534,203.1566103815313,208.5257076978397,218.05356653479927,236.7905257016475,265.6129064697967,300.16589467131735,332.8975170514726,356.96898467452024,369.6756457874537,373.3642710424316,373.43535816670976,374.8267509767952,379.2320813550211,384.6987897427835,387.62057240814505,385.58371851118153,379.06271355345564,370.85885595318257,363.79582410176494,358.4147481075283,352.4113557569704,342.3291754139733,326.40261620702995,306.54540104548005,287.94393592941583,276.2706011013305,274.1618685353114,279.2149094564501,284.8991424049676,283.9715596786998,272.38169591178433,251.30060775023728,226.05924602954428,202.71482437911348,184.4444753941843,170.04100901983065,155.40487816045655,136.97787815356182,114.80421352200524,93.14650062353952,78.17185457081732,74.13196622404062,80.46067953559714,91.66087308520538,100.10680561272846,100.06948204319558,90.5385383536013
10.457263033035307,11.027135888513637,21.560048479631597,42.73896100533314,70.54443534948412,98.30009897203632,120.1609858757996,133.93107926673048,141.57892858371767,147.32099820628446,154.676758603429,164.47445689936401,175.04870880686482,184.33253192048622,192.2413831930574,201.5467734342386,216.47543972315086,239.8539185200637,270.6859891771918,303.87364614451,332.46114869536433,351.1523341482548,358.9885171698199,359.55366251102635,358.60100909494787,360.5939104847055,366.2973152270923,372.8373100263478,376.03960626432723,373.4105168663052,365.7707211863229,356.50708279455137,349.0280604712423,344.21864125622966,339.69073919006723,331.4146438254116,316.6968544184986,296.5146929593441,275.5713592578744,259.88244107845185,253.31144599612375,255.1909281068427,260.5221247812038,262.64742683898476,256.76250541437093,242.15554021517354,221.92383995001185,200.54748855637027,181.03073859623203,163.49866204717753,146.068919371321,127.23462438593094,107.95585465699733,91.85732971096104,83.23482193112666,84.11137549571198,92.32219555800025,102.0321387659645,106.55538103023866,101.84605498699902,88.54610526978689
11.057935671441614,9.708967872235382,15.346796418590078,29.98212396932499,52.302039547602874,78.31590570799156,103.24976535018547,123.56434192500485,138.03715043643055,147.5383072972784,153.9547101134616,159.13835103104063,164.53552182105548,171.504265950496,181.74217737704933,197.15550677317313,218.96984753448424,246.56919180385665,276.9392991953218,305.3583002073403,327.2252141369242,340.12561330381504,344.9478128041233,345.3228415186791,345.62357898520577,348.6335169332275,354.221267910675,359.7659892675424,362.0206605602635,359.2296758626446,352.18210672568955,343.57102166440285,336.11028212810805,330.6508782822556,325.5388821674695,317.6664803401706,304.58654026152783,286.3721581144775,266.03776143504047,248.2088321762527,236.78555684967333,232.9366702510671,234.5340961515648,237.2639096184243,236.68700755909063,230.06298428946198,217.03654483986608,199.07721746768624,178.31534809387432,156.6503583696484,135.6180750298284,116.81739964476051,102.22725721769261,93.83588434269127,92.58975909367328,97.31886669979266,104.5139926440354,109.41063755375642,108.00906356526205,98.97091231735304,84.26739465773463
12.643448248922727,11.484820743011227,13.215583498721854,20.642127442679527,35.483681745752556,57.38336406495707,83.64472808178303,109.92046810234885,131.67774005997472,145.89696689288513,152.3059073228801,153.59990701210376,154.50476982700695,160.027046510861,173.58714857741808,195.78173616236964,224.2495709072791,254.64554493270495,282.27476911051,303.70061320345405,317.70791843020777,325.32261583603486,329.0010962054029,331.421464660764,334.41032534482395,338.40825365416737,342.6006337591562,345.55241420152663,346.003566539564,343.46289869878876,338.3655287531088,331.76598171680655,324.7387598036898,317.7784705515454,310.4916108892467,301.75189809712805,290.29117594668,275.4912900750987,258.01469176301043,239.93067763575706,224.175951030466,213.4763211890851,209.1328366554905,210.20613283444607,213.5312525909573,214.6763985949045,209.54694773688828,196.01602662735212,174.8955990923217,149.7999863670671,125.90654778585206,108.08770992664306,99.1607715619723,98.95085473691756,104.51174828008098,111.36101987241373,115.1802464782242,113.2820684672797,105.30086009998972,92.93140149799274,78.94214109369373
13.993867199338142,14.329572767101252,13.533544598195384,14.600386342564736,21.789842507075267,38.24597185345681,63.68928386755191,93.689977357419,121.2474358230521,140.0654506430166,147.82322685646827,147.59582777683755,146.52155170598857,152.33013828459653,169.55165156307262,197.40729742635259,230.4323502184035,261.3622839966828,284.61689719203923,298.51907390283156,305.24531025145296,308.8565931008908,312.77613287899,318.19677817977214,324.1348793537977,328.754358612181,330.8729442825145,330.63565326009865,329.06289575199025,327.00460637788956,324.388474295308,320.3322163927473,313.9727015488611,305.29465102042826,295.2416531361122,284.96233911555015,274.76172704904207,263.6458913871411,249.9914650735604,233.04746590715297,214.25465863528837,197.2945431241333,186.49185930264406,184.28750509435457,189.264815546836,196.09581320866303,197.75610999261013,189.00566416645793,169.27209163532032,143.27135623362614,118.8969505068837,103.42773884198549,100.05570007729817,106.5533807339151,116.69490751484362,123.52799328140763,122.65052642771262,113.79172777895533,100.08727386864065,85.77347008497858,73.8085448955582
14.160400460658325,16.258287323744298,14.406670733988898,11.232473263515722,12.347922436613937,23.241159011876835,45.679750652072265,75.93398029042568,106.16793028283081,128.44254859732987,139.10037731750168,140.93397270814526,141.76350516502077,150.15164586801458,170.68771336069693,201.53079334850793,235.5541992340324,264.3107324232383,282.43613768860956,289.97954979670834,291.51867648933796,292.88746865570215,297.6838264537114,305.6492997033865,313.6581540457405,318.35265789300774,318.51610614096546,315.6404545668924,312.4964780001532,310.89587550307493,310.316733217313,308.35993674439584,302.64469287630556,292.7036458421006,280.4380857818503,268.74144640125587,259.25874393466427,250.95344908008545,240.67131374220403,225.50917806205837,205.44575358678054,184.32602550064766,168.236256338601,162.00708608168242,165.9368022689086,174.90243248782434,180.68649899050894,176.37725247470112,160.33123474629076,137.31559993257937,116.04966863385302,104.48807967420287,105.53523313112615,115.62296348310407,126.87950292631922,131.51516668470708,125.8267261230102,111.59008235165103,94.2853575160909,79.50235679424374,69.83320550539256
12.660360755125762,15.890070881868077,14.2702587684579,9.650117326454653,7.4412844346498295,13.673842419932424,31.267406473001042,57.88201138085088,86.84519861033479,110.76795521781663,125.74277057543509,133.57113928145827,140.61469978367145,153.9130599189717,176.88850398818215,207.21221585484912,238.0785730065746,262.05662540597535,275.15690470549055,278.70417122185387,278.0345182343726,279.00687652898813,284.587761028712,293.5698482960754,302.01025454778363,306.2184374347523,305.2226965165095,301.13793185511184,297.35731434407177,295.9628521283342,296.2139117132571,295.1499267257057,289.8278193483032,279.55903469756606,266.5111003917772,254.19427177938402,244.86955331148724,237.73723198323268,229.3010013175206,215.83043679039616,196.3445985118318,174.04585727193097,155.0339888113354,144.8865237537281,145.16605205711895,152.1134227201541,158.5169665341805,157.77623012579747,147.7508797626401,132.03295331747972,117.8115888736267,111.57678218253133,115.2367887409694,124.96933228567872,133.4496262658685,134.04934389259492,124.45380457683545,107.59057823058991,89.48209298582947,75.51858339300811,67.51602652555155
9.550531604481696,12.805153693866698,12.319001269676583,8.948387487326448,6.433299407181659,9.477833057472381,21.07407687195868,40.73193860498195,64.75007077127516,88.39056968128611,108.61194044904772,125.65103403591519,142.46905740363022,162.43371175698567,186.7332886056109,213.18960587855096,237.24535537104637,254.51873558965949,263.3276453640574,265.61479598938223,265.7246050315919,267.83118023311727,273.63187495266334,281.6961723341222,288.76424574734597,292.0478807829995,291.0000128846297,287.4457158558087,284.0973180147481,282.5475089398855,282.1409894507723,280.4819022658884,275.1910477900376,265.66273123439555,253.57109867849877,241.74000029236416,232.13367294806858,224.36886851823115,215.84238045081705,203.4967475795467,186.11708126678798,165.62538538588268,146.42517025333598,133.09082025482164,127.79157720162921,129.0647150485531,132.73729524727418,134.4474312852374,132.19646882425369,127.33438806870441,123.37131638909463,123.39071988229476,127.73113827020974,133.43226160455512,135.81736123621297,131.2271247548514,119.19554328343891,102.72228205361691,86.50414654431276,74.26073734518297,66.8167298354751
5.36273640918475,7.589628584786455,8.648520200401261,8.387888444492564,7.916853159729319,9.273866683978365,14.636603406742612,25.50009300720364,42.223210375337615,64.08816392314814,89.71180778569689,117.48832065531869,145.81642423357047,173.09540670148576,197.6839175362703,218.04820078890953,233.15812436692602,242.94427534039914,248.49368360816592,251.7526340457115,254.78450099313164,258.92356468501083,264.27349501889717,269.8330941391809,274.1792158882398,276.3112857055399,276.16912526463534,274.53961073087953,272.44502508995976,270.4219461668189,268.1559240869439,264.6994211464374,259.1207316453862,251.1525513278592,241.40887691269148,231.01798536143667,220.8990179219035,211.14749270156034,200.93867259275157,189.04174612156237,174.6604554671407,158.11198564394965,140.94864851451425,125.4523863241835,113.784785879614,107.24137829570039,105.9512607426135,109.07003622635176,115.23457776313121,122.95720899653796,130.77258454321304,137.19562514201863,140.71715777311024,140.03119736278586,134.47809506058843,124.45667725161445,111.48486322772422,97.74752861224891,85.27619656913657,75.16061097975982,67.21917946657955
0.9206383577537073,1.561666793533317,4.080431567624323,7.475565375167054,10.060219817239028,10.81341806216145,10.689809361132856,12.945986873864419,22.03402798779826,41.463952969619136,71.73209879960581,109.50082599449519,148.59978642791384,182.43428219361212,206.60367483244357,220.41508917203092,226.594773590145,229.48557923207287,232.79722401850032,238.1098034040834,244.78270250882323,251.05884238895692,255.50989740331215,257.9042249148554,259.07639616832876,260.070984909517,261.2663238990033,262.1034327091719,261.5524772387448,258.910548946424,254.31330600944813,248.58703665085187,242.5730438254448,236.45169760026,229.59351184642694,221.06917486772548,210.44514359356756,198.24740993089887,185.68730808069006,173.7818153614656,162.49364985356274,150.59697905650924,136.54150052907505,119.8938844876536,102.43841410377809,88.08254536319181,81.35739211692828,85.16534991197004,98.97536441356112,118.53253843391977,137.3705526803931,149.4292596922573,151.46267914194186,144.04032564315065,130.72736078325516,116.01375108766324,103.17779773202265,93.18097946267895,84.9957479685682,76.91687910616632,67.91448824150228
-2.912449518610813,-3.725831337617679,-0.2500818817179642,5.949336729654314,11.066066471094675,11.678897237587666,7.68898161748995,3.567449102996472,6.794914490651619,24.074443587275333,57.36978840838567,102.10800454618516,148.74851644169843,187.0062466626454,210.47320677069317,219.1498476719198,218.61687289417938,216.50680144701712,218.4084020499829,225.49532574862343,234.97886399345512,242.73366765142288,246.23014915101044,245.93531143644614,244.5076212186027,244.59525197100746,246.87941787033873,249.6909854070015,250.3498515239093,247.17072801883944,240.66406528324435,233.08897206438849,226.71876598615648,222.10620959949136,217.63549646281868,210.7216507895543,199.814244083044,185.73422465734657,171.28757624650433,159.3053817250405,150.43857322715738,142.3491883196279,131.10755647735274,114.12112905594032,92.75678586586382,72.7904208988212,62.03271162887986,66.23105476442743,85.53903696853575,113.68658899945922,140.51012183434605,156.5733460037235,157.39005682008445,144.99325641811814,126.13819243739907,108.34133526581321,96.09435732131277,89.30487414180203,84.54545684052488,77.99235789143367,68.0531283985759
-5.487000804680597,-7.04069981236367,-3.3873446348204723,3.7059246437691007,9.627303524146738,10.03058933456565,4.396567122961173,-2.3610811313262996,-1.6222071739854975,14.528527922065987,48.62035399473051,95.62455719652917,144.73628959058848,184.28512470691663,207.11582223334244,213.50359814437937,210.11759192340642,205.8344424172008,206.94252651931492,214.44358812897278,224.72018822102206,232.74641953525648,235.58718486328064,233.9966263973611,231.34716725203566,230.90730546045677,233.47056448945787,236.933078069497,237.97371258101916,234.52806137619882,227.25523191802296,218.97350062410374,212.51456112724028,208.5774755866332,205.16344787097339,199.04117152245675,188.21887151879014,173.62202004029703,158.66813282790454,146.89263168171286,139.22334018956715,132.90610969969165,123.09980913514651,106.37223013524192,83.90757943483516,62.17093333239258,50.20716286642115,54.84281322753174,76.49770403902008,108.14682988260878,138.2344838523905,156.0542936996997,156.6594525091453,142.6445818998,121.97429526974209,103.30259873534585,91.56257263254385,86.24110486927466,82.9861204775474,77.16939433046676,66.99830316193608
-6.55405103098221,-7.902423829135684,-4.9488449291281045,0.7261403990605277,5.261556523642343,5.174403389294024,0.33846743277424807,-4.744233659099507,-2.515038221622098,13.81273209623754,46.24410743802336,90.1801995882195,136.00149666880557,173.3368267423061,195.73554001005192,203.22442638805512,201.46560386826621,198.18414509457995,199.0256886455515,205.16303874220242,213.7629401745897,220.6505017792178,223.27916508175673,222.14458465970304,219.9617348026968,219.42841630972111,221.24085377025085,223.70749119579943,224.11080611533882,220.744049826313,214.1297497305053,206.5648185061333,200.3588111143042,196.07190200689823,192.05916355963672,185.68771235469356,175.3716096451207,161.93140782907918,148.2053186619994,137.061900874466,129.160459198272,122.12493274814663,111.95453450572222,95.9905416381063,75.57768277483457,56.52809034823376,46.725352679957254,51.97990225580137,72.45478083012966,101.82205157770082,129.81863631685428,146.91781124002472,148.5978644005158,136.92544091820557,118.73364769080119,101.61304873116833,90.08393970022067,84.02585741447344,79.95026868603458,73.98072565457122,64.51267168930808
-6.335284441467015,-6.7474590669081405,-5.27802672343195,-2.956742663946603,-1.563542010113922,-2.222164766955059,-4.020743943330528,-3.6464444004260983,3.4880832000452044,21.036080053776104,49.56393885490498,85.68921027896262,123.10657812064896,155.07445010980962,177.11964356025692,188.59498743572044,192.36759003338204,192.94203357862628,194.13084531592628,197.5195609542324,202.39795355521775,206.92873454921704,209.65619395027846,210.39709478175362,210.08163723006982,209.83980562476665,210.07863319687615,210.2056443896215,209.13177026561425,206.12003870490906,201.32634327333668,195.63885756200852,189.9576415280735,184.47398476682847,178.50903978436665,171.05331589480673,161.6136396376586,150.71393815113666,139.61621116410083,129.3950600679394,120.02111294764109,110.19896288670301,98.2550152950753,83.64313984080437,68.11051680828658,55.62621217049756,50.843845742389654,56.76997218363309,72.8855254242877,94.83269840552977,115.97152939017049,130.083942189524,133.86004916664243,127.92417386316096,115.97320993099368,102.62450152748038,91.20806887520764,82.64118551405576,75.7949091476438,68.87475755284837,60.82839982124406
-5.4576605311654856,-4.774939363468507,-5.301668851582751,-7.227461239874653,-9.547311400264592,-10.331655452853138,-7.441445383396376,0.6899648541274653,14.578360660632816,33.66812711122596,56.65399870228899,81.87875975924693,107.58921600918944,132.02008929192303,153.44953948899743,170.397319164621,181.99647054290193,188.36867101107313,190.73064251786502,191.05178920522843,191.33327326341214,192.83038134023013,195.6205388184912,198.7564174807286,200.92088837204992,201.21138477163336,199.60754261471936,196.870137607237,193.96608455190332,191.39998336163322,188.87943655182795,185.52035762699506,180.44981158867583,173.40860863882136,164.95587978864972,156.1331982043192,147.79450238252966,140.0290952547329,132.05826370929884,122.7003524595444,111.15238571438935,97.64218126402848,83.57859943239737,71.11675382041449,62.37769954543471,58.72501935124039,60.42021403557787,66.72715097910316,76.28576768291177,87.4824666118834,98.64731687876889,108.10897065417353,114.27828785875433,115.90435228892203,112.47250268337754,104.52666484647212,93.64960744825798,81.98545079438044,71.45887810260179,63.06124676726335,56.58176461779241
-4.7700975564043215,-3.5231934555174815,-6.142776626049767,-11.814954249870043,-16.88437114258923,-16.724437336812382,-8.357511453525964,7.800836304950658,28.18773305895487,48.2015096084184,64.8637560918422,78.36761746083054,91.54931065541967,107.64263008538333,127.77237356307957,149.80950245505602,169.3413667379394,182.16209009362495,186.72379656028042,185.02092795777574,181.37767754877004,179.92537751462106,182.35008243076987,187.2666643051511,191.50165763797395,192.35247540945673,189.3193505751426,184.22728005400555,179.7637033759068,177.50690032024724,176.81912156252042,175.34635257669927,170.74501828927515,162.40845668769109,151.96599673423293,142.17496924222849,134.94758529820257,129.88674240545703,124.40579886244807,115.45811258354257,101.79369082323797,85.23937772014364,70.0702731573998,60.754691714918714,59.42904298177041,64.68293444719163,72.44138521013383,78.41421696612238,80.58490197941488,80.17956914874647,80.52127205023096,84.52284801471914,92.44117083147235,101.34870963177137,106.68213390902267,104.90491436816382,95.61657397037933,81.7995025105307,68.07572093353231,58.08780812406058,52.629829353029834
-5.0913222086741055,-4.315685889058066,-8.628044518305098,-16.219204033375235,-21.71817290270654,-19.113097685942037,-5.461696836172979,16.960956709362982,41.569275487104676,61.04896611640345,71.52384726643446,74.7720200953214,77.09314363440258,85.46317991280074,103.27900125043247,128.24803217526366,153.65876665873873,172.2047277310011,180.01510232941453,178.50061739894932,173.04418249189203,169.52546953541363,170.9274381265052,176.0719416076545,181.06207365704114,182.26192990413676,178.75034419558853,172.67976947722715,167.4669054137109,165.2078375405001,165.17117407283087,164.40123155443302,159.9520782833369,151.1213619121886,140.05285429791672,130.2285423051471,123.88234781996415,120.18900621674015,115.62092055330879,106.3996534383093,91.47329143570518,73.9563092028514,59.862675681219685,54.70992775847341,60.04140803173674,72.11473017654492,83.7456899134886,88.33718511683924,83.70173956461262,73.3308814847466,64.28395213125124,62.93218356329636,71.11320764385903,84.99837038473882,97.30919153996196,101.48469184874132,95.26389727623382,81.59352498362827,66.48116037284316,55.28586031359395,49.79829746001497
-6.956454685123309,-7.758548905512291,-12.869621972427147,-19.693078848651822,-22.602038576648493,-16.058230082367213,1.7662539892174998,27.186754783099992,52.38547174743859,69.42082938305275,74.62914264905555,70.80780847115645,65.79635283184872,68.18391669916997,82.58417008144191,107.1777108202086,134.86783196838692,157.26252994876475,169.08753347142735,170.50931726390203,166.2263437488342,162.16803325938338,161.98526581124005,165.43484010187865,169.39279782248124,170.51895243040553,167.64623687924333,162.34157474185213,157.45023658584094,154.82897211366182,153.95711352621626,152.40176082005945,147.7391036646409,139.4755421072173,129.51227457713904,120.75542626095076,114.84785845462538,110.71189454246526,105.10830203230155,95.02354826724027,80.332094742267,64.80740750657623,54.50408600398637,54.246079662201176,64.32347511093735,79.58170844880894,91.74274725967324,93.81652120997435,84.08159182809374,67.23985850292726,51.95818051422012,46.14279752397508,52.64659541072152,67.85018967526915,83.84538647157268,92.83732271184513,91.15448121866916,80.62890381166501,66.7948832988075,55.268176262578514,48.62811381584692
-10.43039874548523,-13.456763256110584,-18.079885221886272,-21.31945267693004,-18.850784698425954,-7.424215786269329,12.765825595480713,37.30878129681273,59.15643705005132,71.94118319753504,73.30570185792394,66.35969985374699,58.33830602845104,57.083113965117,67.1979232108926,87.91648398513779,113.7485160451789,137.42051249912143,153.4102243485325,160.17764123493913,160.0799599479555,157.34012286213297,155.47360978549256,155.68711178108526,156.96957002066816,157.47389344039482,156.06349696068088,152.98314866129905,149.36445040910363,146.12635107153298,143.19430350756727,139.62654342575343,134.48976076808967,127.73458398510547,120.3213033564304,113.43812115259021,107.40043453390078,101.15479975912024,92.94802233476939,81.87174946517808,69.24210945830569,58.688598430256135,54.550586864383135,59.301986029268306,71.51775602693812,85.78698676193387,94.94217502517576,93.59222245167459,81.06199451739943,62.0373522242164,44.432174347230685,35.54363959983668,38.53306464427423,51.08433518550031,66.860889579558,78.83584751414615,82.6108738104828,77.99538543759374,68.2353477415164,57.64509495109725,49.1888819916174
-15.038711908830832,-20.047137062846883,-22.701636726772122,-20.19024386071154,-10.698088205574884,5.548093735548322,25.938699863509083,46.119109617776786,61.46452900938747,68.84432758720823,67.93746699424943,61.49909646593817,54.405581942596434,51.834030598290525,57.31644085971756,71.46474473608174,91.86422737155989,114.12215197552825,133.57602418957632,146.9286609075388,153.17474240001613,153.543579062097,150.61922860424414,147.1113523519525,144.81931414021494,144.16472938947476,144.37374580146786,144.1147722798093,142.24903455187993,138.36394738754416,132.8960888420225,126.83823680387931,121.19101538553241,116.41436766140491,112.13407663147143,107.26389785209712,100.5377898216281,91.25906224067984,79.93647426832078,68.4647093835176,59.65499567430883,56.19720736087365,59.428709697412316,68.45250358869913,80.0781079701895,89.7463601410796,93.1629034453168,88.00507196551618,74.96936016162608,57.66392623841872,41.33296397233166,30.910426685497082,29.19936178858635,35.91697124095599,47.961439701338456,60.72777284569582,69.87269403592055,72.790170050985,69.25003034055335,61.05754258088043,51.00977155777714
-19.83620335146108,-25.54565355044369,-24.82970937546454,-15.652399713194876,0.7716105426039619,20.567080837606465,39.0228702293012,52.5702778198277,59.88306009632725,61.72115215992694,59.933417372200125,56.447747042787896,52.87920811866341,50.77554467818524,51.96515698979804,58.38625993961355,71.22064307277715,89.80346396033052,111.14119502234443,130.63578405385817,143.88719298215153,148.69164481754902,146.09089921524486,139.7845622275023,134.15261718079222,131.97790145588985,133.16672831130884,135.18320704619657,134.881578987175,130.5773619274347,123.07196512815727,115.02018913004532,109.0841006785246,106.08674683355343,104.37917731043733,100.86428008399736,93.06686840266369,80.96471345059736,67.42135439035408,56.90504784524424,53.20945847502562,57.47434013402436,67.59598291481207,79.27466195499616,88.01113931916927,90.90758046300932,87.39025050328615,78.72618335794971,66.9319052244516,53.906346163596,41.25937758991476,30.65939678017278,24.078652425817424,23.40142135258713,29.414323662103733,40.80945184893023,54.028610356913674,64.36396329824748,67.93708992762676,63.5244326235194,53.14816186967245
-23.598277847444542,-27.90673546985706,-22.79881152384263,-7.551551025725582,13.888217896900438,34.9094960694944,49.68584434286089,55.978277601649246,55.67342890792769,52.91751541690393,51.22346333295048,51.5008563413807,52.235235766020324,51.52853869147867,49.426362218760204,48.7606112780423,53.759549412885974,67.2372988216857,88.22380530319708,111.7166453313306,130.91886558525897,140.71932485337655,140.3253984803118,133.43907850649322,125.88261277345563,122.16064530608931,123.07762638806484,125.81088651321429,126.24438101523532,121.93393985127548,113.72777632268486,105.01671721330366,99.19830382806236,97.14074442603197,96.43270313976635,93.00308847421945,84.08532594989119,70.54989836221075,56.97602426795015,49.26752269138916,51.21330291900167,62.111294324907625,76.9428252273023,89.00363927606546,93.3826247815082,89.19815512325543,79.34854274214328,68.14082341026592,58.47926761473546,50.47464730316938,42.286309903665575,32.44907798628213,21.913524801998896,14.225301266516256,13.555283487747092,21.80704838128906,36.751318559710434,52.56470899358882,62.63328177210822,63.00199121663668,54.381039488445936
-25.089290552753436,-25.62442118974024,-15.75070888928579,3.6092851980936542,26.78067236147984,46.14264414687074,56.15436049861103,56.1716232894601,50.354489889942634,44.783281473168536,43.64836385435493,46.93483195696296,51.02747522732706,51.755204855475206,47.807727930280045,42.21544814904713,40.8426078340191,48.790120129061364,66.98170306931102,91.1272173662449,113.77337104674648,128.21881863600524,131.9237901801376,127.40281688088886,120.19869178034895,115.34607733648325,114.58714911775252,115.9848622812245,115.94054911490127,112.06202451591489,104.86593589577149,97.20429392251393,91.93530057963136,89.59404019898847,87.81860336449024,83.05177271626656,73.40822742869057,60.691030228743195,50.00360714589943,46.96396625499865,54.16678328049456,69.1557861909883,85.31489367578068,95.27628764423343,94.83402548775605,84.99336241144287,70.93284157051094,58.58933946448838,51.05998651391401,47.09458613160091,42.57498635022606,33.9314177930763,21.186770980296057,8.561586479403658,2.1589229533049767,6.154461335347179,19.912954785359066,37.896379385824105,52.48121693724285,57.985001501670624,53.473412825406854
-23.34368332930929,-18.19171555164222,-3.9928741302076034,16.66392400618724,37.778373532420325,52.734343680954844,57.686089654066144,53.536713107462795,45.27392578991022,39.002951591438574,38.43245215860973,42.92829514617134,48.30292880907097,49.827234868110146,45.57882501858799,38.032604860427945,32.88620825921151,35.81572422213362,49.1175596940067,70.23910310224102,93.02925265671513,110.90077731827294,120.00961655072534,120.66417667174157,116.35482592180591,111.25343276226657,107.85128827559117,106.11398778982281,104.40167124064347,101.22759875355206,96.48566705957678,91.31538629835339,86.86196315144763,83.0362579000061,78.37938690147803,71.28962797531791,61.780166987621854,52.39831643577185,47.379213172417884,50.282429727747704,61.49011226324747,77.23502550233434,91.00838875944211,96.73774355694762,91.94794649872972,79.01042572848924,63.67269653084042,51.69922245239358,45.626303409032474,43.58684487523904,40.90043501334321,33.4213318636415,20.55017827576965,6.023399259857326,-4.0328608507253385,-4.616515287642304,5.183773557668042,21.52485197642278,37.788096002510464,47.96622861120203,49.45951348887198
-17.893697987789782,-6.278466458662637,10.97800883373737,29.957872685409534,45.73030591865069,54.37721180711144,54.73899935856042,48.935362622098,41.29809478417601,36.199314852492286,35.89232874631738,39.51943449771935,43.82902751218562,45.21063829214931,41.92636660612152,35.30791014993582,29.262779407532456,28.362268382574843,35.54125607533062,50.611178062106504,70.30455581597649,89.73533624327146,104.45403622393219,112.07056031749816,112.76749813727756,108.67273869278037,102.60962720767128,96.91526942582824,92.79548546602837,90.28506259338846,88.58325763205086,86.48818642778984,82.80319480775137,76.7431137904252,68.36830538012731,58.91960399451165,50.77780813537211,46.81769615195065,49.22524361083294,58.246576416373074,71.55929950042129,84.7844628280048,93.1080383853982,93.33474988072626,85.34715623579913,72.14901323218812,58.3771911661516,48.00055669019321,42.40717347318258,39.90990636860237,36.94300314508403,30.293244670950976,19.134856000614068,5.746632530305678,-5.480099723829999,-10.200349904631137,-6.286862554596921,5.103150206533538,20.04930265282796,33.6143749060309,41.87057851110065
-8.89176923977513,8.424472792047613,26.809954934156348,41.677228087898094,50.17273388074121,51.94747674122509,48.78990706542595,43.5063310837592,38.69071863624725,35.90536855474891,35.45309261808443,36.610278505913534,38.0766989233394,38.473947231521166,36.84563185452076,33.133455043148345,28.50075571082672,25.267255101891255,26.26616945921185,33.69695317665233,47.90451234138574,66.72667082234265,85.91278806544965,100.62397407238296,107.41735928059062,105.75260824690628,98.1993175324997,89.15065536651515,82.64398948017346,80.40502214182592,81.15232522656565,81.53935176583316,78.22434604802379,69.94014767916077,58.435888293466164,47.78101269683596,42.40871664726404,44.9357152906934,54.87488706767719,68.84156887467692,82.0588919437749,90.34083203794432,91.59119617991149,86.22103590484426,76.49496266923664,65.30929167061774,55.04381948545784,46.91809424638225,40.92545583751695,36.15601926662692,31.272343989670784,25.00936815550812,16.67272822251753,6.588587225496619,-3.6631602024380716,-11.476453655909804,-14.038059795588046,-9.557348908002572,1.614586451784723,16.618324142548403,30.85731507946906
2.898129330044773,23.64447055255914,40.89541238033223,50.25376340947371,51.32210956236946,47.133133939665605,41.864099966266686,38.39778133815426,37.187909660556635,36.87936260284346,35.943471093205716,34.01318815752659,31.98282701005735,30.94950947876587,30.972493191634566,30.766025385173563,28.721709548949168,24.59315354446822,20.54372759617278,20.551944857842305,28.245573286232794,44.38904278990495,65.67337423146289,85.79762100505862,98.4447060661633,100.51111877509554,93.67295252668275,83.29347345198249,75.2661777274011,72.66051096402072,74.18408864792569,75.37832534113862,71.78901545591658,62.136817094352395,49.51259344428747,39.83916342235284,38.51638367922761,47.263420303713715,63.02540726928301,79.53847602670585,90.55837567714772,92.8351950468045,87.19368147958834,77.32206872622976,67.25843221794972,59.22382307044013,53.02676604071497,47.11024736909365,40.23571800136734,32.50494880858955,25.05251011326821,18.8048610526418,13.421691951706888,7.395679912514812,-0.6122124777673053,-10.137201218683535,-18.290180309412083,-20.891894137217605,-14.911576525176656,-0.7520018204381023,17.181319967589236
16.23504546547021,37.114322212689515,51.05892459040394,54.7374582357892,49.91733781002068,41.86518560508574,35.927163218861914,34.50049574706468,36.217682849912585,37.63216401462384,36.05483966156212,31.52177359472343,26.584041777079346,24.184645635393988,25.23957710060288,27.74805635583516,28.179211062278927,24.253255717270953,17.172643385088843,11.612823372931395,13.223702408946473,25.084289381205764,45.3618368435929,67.7781404038993,84.75671020994474,91.41525726803172,87.99107353007913,79.23867212960253,71.2294547754629,67.60726261970552,67.66764161830635,67.42760945685191,62.90817893822952,53.41679295051918,42.6168288688952,36.60643538682114,40.17350198863767,53.59460974705144,72.03184126218642,87.95724125924409,95.14432081294936,91.81421181794906,81.10094221927268,68.70957312859443,59.36988408641986,54.33694226806359,51.381055079890636,47.0182193921969,39.29071264932361,29.153305595137585,19.58315861628069,13.160669850274665,9.946291753820262,7.270395839654573,1.7010935883142935,-8.119033804535354,-19.7869851779557,-27.95478174315098,-27.357549746261675,-16.23276394114007,2.0805934232639527
